person,date,first_time,last_time,duration_min,grid_ci,grid_rj,grid_center_lon,grid_center_lat,dist_home_m,is_home,is_sw,is_pv,is_pn,place_id,next_step,visit_order_in_day,first_dt,last_dt,trip_id,action_order_in_trip
112,2008-01-24,05:16:21,05:27:11,10.833333333333334,81,24,116.3310134895084,39.9682897081081,708.3795244943353,0,0,1,0,Pv1,pv,1,2008-01-24 05:16:21,2008-01-24 05:27:11,1,1
112,2008-01-24,05:28:11,05:37:53,9.7,81,25,116.3310134895084,39.972794212612605,500.9053766156208,0,0,1,0,Pv2,pv,2,2008-01-24 05:28:11,2008-01-24 05:37:53,1,2
112,2008-01-24,07:12:23,07:20:05,7.7,81,26,116.3310134895084,39.97729871711711,708.3561806898888,0,0,1,0,Pv3,pn,3,2008-01-24 07:12:23,2008-01-24 07:20:05,1,3
112,2008-01-24,09:24:06,09:29:40,5.566666666666666,81,26,116.3310134895084,39.97729871711711,708.3561806898888,0,0,0,1,Pv3,end,4,2008-01-24 09:24:06,2008-01-24 09:29:40,1,4
112,2008-01-27,04:39:35,04:55:39,16.066666666666666,81,26,116.3310134895084,39.97729871711711,708.3561806898888,0,0,0,1,Pv3,pv,1,2008-01-27 04:39:35,2008-01-27 04:55:39,1,1
112,2008-01-27,10:37:26,10:44:45,7.316666666666666,80,28,116.32513529704534,39.98630772612612,1502.634143845486,0,0,1,0,Pv4,pv,2,2008-01-27 10:37:26,2008-01-27 10:44:45,1,2
112,2008-01-27,10:46:26,10:50:52,4.433333333333334,80,27,116.32513529704534,39.98180322162162,1001.756095897698,0,0,1,0,Pv5,pn,3,2008-01-27 10:46:26,2008-01-27 10:50:52,1,3
112,2008-01-27,10:57:09,11:00:23,3.2333333333333334,81,26,116.3310134895084,39.97729871711711,708.3561806898888,0,0,0,1,Pv3,home,4,2008-01-27 10:57:09,2008-01-27 11:00:23,1,4
112,2008-01-27,11:04:14,11:07:38,3.4,80,25,116.32513529704534,39.972794212612605,0.0,1,0,0,0,HOME,pn,0,2008-01-27 11:04:14,2008-01-27 11:07:38,1,0
112,2008-01-27,11:10:46,11:37:30,26.73333333333333,81,24,116.3310134895084,39.9682897081081,708.3795244943353,0,0,0,1,Pv1,pn,5,2008-01-27 11:10:46,2008-01-27 11:37:30,2,1
112,2008-01-27,11:39:18,11:45:05,5.783333333333333,81,25,116.3310134895084,39.972794212612605,500.9053766156208,0,0,0,1,Pv2,pv,6,2008-01-27 11:39:18,2008-01-27 11:45:05,2,2
112,2008-01-27,12:19:55,12:23:09,3.2333333333333334,78,46,116.3133789121192,40.0673888072072,10565.973404780025,0,0,1,0,Pv6,end,7,2008-01-27 12:19:55,2008-01-27 12:23:09,2,3
112,2008-02-02,12:10:42,12:22:42,12.0,78,7,116.3133789121192,39.891713131531525,9071.35888581716,0,0,1,0,Pv7,end,1,2008-02-02 12:10:42,2008-02-02 12:22:42,1,1
112,2008-02-19,12:50:20,12:58:41,8.35,82,26,116.33689168197148,39.97729871711711,1120.0167217727453,0,0,1,0,Pv8,pv,1,2008-02-19 12:50:20,2008-02-19 12:58:41,1,1
112,2008-02-19,13:02:41,13:08:48,6.116666666666666,83,25,116.34276987443454,39.972794212612605,1502.7161276731188,0,0,1,0,Pv9,pn,2,2008-02-19 13:02:41,2008-02-19 13:08:48,1,2
112,2008-02-19,13:17:33,13:30:10,12.616666666666667,83,25,116.34276987443454,39.972794212612605,1502.7161276731188,0,0,0,1,Pv9,end,3,2008-02-19 13:17:33,2008-02-19 13:30:10,1,3
112,2008-02-23,13:19:26,13:29:53,10.45,81,25,116.3310134895084,39.972794212612605,500.9053766156208,0,0,0,1,Pv2,pv,1,2008-02-23 13:19:26,2008-02-23 13:29:53,1,1
112,2008-02-23,14:19:12,14:23:14,4.033333333333333,87,11,116.3662826442868,39.90973114954954,7840.790179930997,0,0,1,0,Pv10,pv,2,2008-02-23 14:19:12,2008-02-23 14:23:14,1,2
112,2008-02-23,14:27:14,14:31:14,4.0,87,9,116.3662826442868,39.90072214054054,8748.276332453448,0,0,1,0,Pv11,pv,3,2008-02-23 14:27:14,2008-02-23 14:31:14,1,3
112,2008-02-23,14:37:04,14:42:12,5.133333333333334,91,8,116.38979541413909,39.89621763603603,10143.846586984657,0,0,1,0,Pv12,pv,4,2008-02-23 14:37:04,2008-02-23 14:42:12,1,4
112,2008-02-23,14:46:12,14:55:57,9.75,91,9,116.38979541413909,39.90072214054054,9727.107677210211,0,0,1,0,Pv13,pv,5,2008-02-23 14:46:12,2008-02-23 14:55:57,1,5
112,2008-02-23,14:59:57,15:09:49,9.866666666666667,91,10,116.38979541413909,39.90522664504504,9318.657707017695,0,0,1,0,Pv14,pv,6,2008-02-23 14:59:57,2008-02-23 15:09:49,1,6
112,2008-02-23,15:17:49,15:28:34,10.75,90,9,116.383917221676,39.90072214054054,9452.09187130283,0,0,1,0,Pv15,pv,7,2008-02-23 15:17:49,2008-02-23 15:28:34,1,7
112,2008-02-23,15:32:34,15:47:30,14.933333333333334,90,10,116.383917221676,39.90522664504504,9031.231663486737,0,0,1,0,Pv16,pn,8,2008-02-23 15:32:34,2008-02-23 15:47:30,1,8
112,2008-02-23,15:51:30,15:55:43,4.216666666666667,91,10,116.38979541413909,39.90522664504504,9318.657707017695,0,0,0,1,Pv14,pn,9,2008-02-23 15:51:30,2008-02-23 15:55:43,1,9
112,2008-02-23,15:59:43,16:03:51,4.133333333333334,91,9,116.38979541413909,39.90072214054054,9727.107677210211,0,0,0,1,Pv13,pv,10,2008-02-23 15:59:43,2008-02-23 16:03:51,1,10
112,2008-02-23,16:07:51,16:14:15,6.4,92,10,116.39567360660214,39.90522664504504,9623.61292186032,0,0,1,0,Pv17,pv,11,2008-02-23 16:07:51,2008-02-23 16:14:15,1,11
112,2008-02-23,16:14:20,16:20:41,6.35,93,10,116.4015517990652,39.90522664504504,9944.484801243723,0,0,1,0,Pv18,pv,12,2008-02-23 16:14:20,2008-02-23 16:20:41,1,12
112,2008-02-23,16:26:05,16:56:33,30.466666666666665,94,11,116.40742999152828,39.90973114954954,9919.43619586993,0,0,1,0,Pv19,pv,13,2008-02-23 16:26:05,2008-02-23 16:56:33,1,13
112,2008-02-23,17:00:33,17:18:47,18.23333333333333,94,12,116.40742999152828,39.914235654054046,9571.742161832575,0,0,1,0,Pv20,pv,14,2008-02-23 17:00:33,2008-02-23 17:18:47,1,14
112,2008-02-23,17:22:47,18:03:01,40.23333333333333,93,12,116.4015517990652,39.914235654054046,9210.753488547203,0,0,1,0,Pv21,pv,15,2008-02-23 17:22:47,2008-02-23 18:03:01,1,15
112,2008-02-23,18:21:41,18:27:08,5.45,91,3,116.38979541413909,39.87369511351351,12321.890494255666,0,0,1,0,Pv22,pn,16,2008-02-23 18:21:41,2008-02-23 18:27:08,1,16
112,2008-02-23,18:50:47,18:55:01,4.233333333333333,91,10,116.38979541413909,39.90522664504504,9318.657707017695,0,0,0,1,Pv14,pn,17,2008-02-23 18:50:47,2008-02-23 18:55:01,1,17
112,2008-02-23,18:55:07,18:58:25,3.3,91,10,116.38979541413909,39.90522664504504,9318.657707017695,0,0,0,1,Pv14,pn,18,2008-02-23 18:55:07,2008-02-23 18:58:25,1,18
112,2008-02-23,18:58:30,19:04:11,5.683333333333334,91,9,116.38979541413909,39.90072214054054,9727.107677210211,0,0,0,1,Pv13,pn,19,2008-02-23 18:58:30,2008-02-23 19:04:11,1,19
112,2008-02-23,19:16:16,19:25:57,9.683333333333334,90,9,116.383917221676,39.90072214054054,9452.09187130283,0,0,0,1,Pv15,pv,20,2008-02-23 19:16:16,2008-02-23 19:25:57,1,20
112,2008-02-23,19:41:44,19:47:06,5.366666666666666,84,17,116.3486480668976,39.93675817657657,4480.27450149851,0,0,1,0,Pv23,end,21,2008-02-23 19:41:44,2008-02-23 19:47:06,1,21
112,2008-02-25,12:42:50,13:00:04,17.233333333333334,81,26,116.3310134895084,39.97729871711711,708.3561806898888,0,0,0,1,Pv3,pn,1,2008-02-25 12:42:50,2008-02-25 13:00:04,1,1
112,2008-02-25,13:36:53,13:45:13,8.333333333333334,82,26,116.33689168197148,39.97729871711711,1120.0167217727453,0,0,0,1,Pv8,pn,2,2008-02-25 13:36:53,2008-02-25 13:45:13,1,2
112,2008-02-25,16:28:37,17:16:56,48.31666666666667,81,26,116.3310134895084,39.97729871711711,708.3561806898888,0,0,0,1,Pv3,pn,3,2008-02-25 16:28:37,2008-02-25 17:16:56,1,3
112,2008-02-25,19:17:14,19:22:13,4.983333333333333,82,26,116.33689168197148,39.97729871711711,1120.0167217727453,0,0,0,1,Pv8,pn,4,2008-02-25 19:17:14,2008-02-25 19:22:13,1,4
112,2008-02-25,23:06:53,23:11:37,4.733333333333333,81,26,116.3310134895084,39.97729871711711,708.3561806898888,0,0,0,1,Pv3,end,5,2008-02-25 23:06:53,2008-02-25 23:11:37,1,5
112,2008-02-26,17:55:17,18:15:24,20.116666666666667,80,26,116.32513529704534,39.97729871711711,500.87804794849535,0,0,1,0,Pv24,pv,1,2008-02-26 17:55:17,2008-02-26 18:15:24,1,1
112,2008-02-26,18:23:24,18:31:55,8.516666666666667,80,29,116.32513529704534,39.990812230630624,2003.5121917939812,0,0,1,0,Pv25,pv,2,2008-02-26 18:23:24,2008-02-26 18:31:55,1,2
112,2008-02-26,18:31:58,18:37:29,5.516666666666667,80,30,116.32513529704534,39.99531673513513,2504.3902397424768,0,0,1,0,Pv26,pv,3,2008-02-26 18:31:58,2008-02-26 18:37:29,1,3
112,2008-02-26,18:41:29,18:47:29,6.0,80,31,116.32513529704534,39.99982123963964,3005.268287691679,0,0,1,0,Pv27,pv,4,2008-02-26 18:41:29,2008-02-26 18:47:29,1,4
112,2008-02-26,18:51:36,18:58:32,6.933333333333334,79,33,116.31925710458228,40.00883024864864,4038.194929161028,0,0,1,0,Pv28,pn,5,2008-02-26 18:51:36,2008-02-26 18:58:32,1,5
112,2008-02-26,19:09:33,20:01:00,51.45,79,33,116.31925710458228,40.00883024864864,4038.194929161028,0,0,0,1,Pv28,pv,6,2008-02-26 19:09:33,2008-02-26 20:01:00,1,6
112,2008-02-26,21:15:43,21:25:46,10.05,81,29,116.3310134895084,39.990812230630624,2065.1637094225807,0,0,1,0,Pv29,pn,7,2008-02-26 21:15:43,2008-02-26 21:25:46,1,7
112,2008-02-26,21:31:52,22:01:34,29.7,81,26,116.3310134895084,39.97729871711711,708.3561806898888,0,0,0,1,Pv3,end,8,2008-02-26 21:31:52,2008-02-26 22:01:34,1,8
112,2008-02-27,16:46:59,16:51:20,4.35,81,26,116.3310134895084,39.97729871711711,708.3561806898888,0,0,0,1,Pv3,pv,1,2008-02-27 16:46:59,2008-02-27 16:51:20,1,1
112,2008-02-27,17:21:06,17:25:47,4.683333333333334,87,17,116.3662826442868,39.93675817657657,5325.141153814337,0,0,1,0,Pv30,pv,2,2008-02-27 17:21:06,2008-02-27 17:25:47,1,2
112,2008-02-27,17:29:47,18:02:22,32.583333333333336,87,16,116.3662826442868,39.93225367207207,5711.644077063223,0,0,1,0,Pv31,pn,3,2008-02-27 17:29:47,2008-02-27 18:02:22,1,3
112,2008-02-27,18:28:56,18:33:39,4.716666666666667,81,24,116.3310134895084,39.9682897081081,708.3795244943353,0,0,0,1,Pv1,home,4,2008-02-27 18:28:56,2008-02-27 18:33:39,1,4
112,2008-02-27,18:37:44,18:42:27,4.716666666666667,80,25,116.32513529704534,39.972794212612605,0.0,1,0,0,0,HOME,end,0,2008-02-27 18:37:44,2008-02-27 18:42:27,1,0
112,2008-03-01,13:58:26,14:14:28,16.033333333333335,81,26,116.3310134895084,39.97729871711711,708.3561806898888,0,0,0,1,Pv3,pv,1,2008-03-01 13:58:26,2008-03-01 14:14:28,1,1
112,2008-03-01,14:32:22,14:45:45,13.383333333333333,88,25,116.37216083674988,39.972794212612605,4007.2429672351545,0,0,1,0,Pv32,pv,2,2008-03-01 14:32:22,2008-03-01 14:45:45,1,2
112,2008-03-01,15:00:01,15:05:17,5.266666666666667,88,19,116.37216083674988,39.94576718558558,5009.589036311075,0,0,1,0,Pv33,pv,3,2008-03-01 15:00:01,2008-03-01 15:05:17,1,3
112,2008-03-01,15:21:45,15:25:50,4.083333333333333,91,17,116.38979541413909,39.93675817657657,6814.095368621882,0,0,1,0,Pv34,pn,4,2008-03-01 15:21:45,2008-03-01 15:25:50,1,4
112,2008-03-01,15:51:31,15:57:05,5.566666666666666,91,17,116.38979541413909,39.93675817657657,6814.095368621882,0,0,0,1,Pv34,pv,5,2008-03-01 15:51:31,2008-03-01 15:57:05,1,5
112,2008-03-01,16:01:05,16:05:38,4.55,90,17,116.383917221676,39.93675817657657,6415.612880784214,0,0,1,0,Pv35,pv,6,2008-03-01 16:01:05,2008-03-01 16:05:38,1,6
112,2008-03-01,16:17:58,16:26:37,8.65,90,16,116.383917221676,39.93225367207207,6739.931845275147,0,0,1,0,Pv36,pv,7,2008-03-01 16:17:58,2008-03-01 16:26:37,1,7
112,2008-03-01,16:30:37,16:50:49,20.2,91,16,116.38979541413909,39.93225367207207,7120.311468399522,0,0,1,0,Pv37,pv,8,2008-03-01 16:30:37,2008-03-01 16:50:49,1,8
112,2008-03-01,17:21:37,17:26:27,4.833333333333333,93,27,116.4015517990652,39.98180322162162,6587.948873336979,0,0,1,0,Pv38,pv,9,2008-03-01 17:21:37,2008-03-01 17:26:27,1,9
112,2008-03-01,17:26:32,17:37:12,10.666666666666666,92,27,116.39567360660214,39.98180322162162,6093.376979134719,0,0,1,0,Pv39,pn,10,2008-03-01 17:26:32,2008-03-01 17:37:12,1,10
112,2008-03-01,17:41:27,17:48:07,6.666666666666667,92,27,116.39567360660214,39.98180322162162,6093.376979134719,0,0,0,1,Pv39,pn,11,2008-03-01 17:41:27,2008-03-01 17:48:07,1,11
112,2008-03-01,17:48:12,17:58:52,10.666666666666666,93,27,116.4015517990652,39.98180322162162,6587.948873336979,0,0,0,1,Pv38,end,12,2008-03-01 17:48:12,2008-03-01 17:58:52,1,12
112,2008-04-07,11:42:38,12:11:41,29.05,81,25,116.3310134895084,39.972794212612605,500.9053766156208,0,0,0,1,Pv2,pv,1,2008-04-07 11:42:38,2008-04-07 12:11:41,1,1
112,2008-04-07,12:41:19,12:49:53,8.566666666666666,78,47,116.3133789121192,40.071893311711705,11064.696876599011,0,0,1,0,Pv40,pv,2,2008-04-07 12:41:19,2008-04-07 12:49:53,1,2
112,2008-04-07,14:10:00,14:27:33,17.55,25,110,116.00183471157668,40.35567709549549,50668.79474149084,0,0,1,0,Pv41,pv,3,2008-04-07 14:10:00,2008-04-07 14:27:33,1,3
112,2008-04-07,14:31:33,14:39:39,8.1,26,110,116.00771290403974,40.35567709549549,50399.71882113146,0,0,1,0,Pv42,pv,4,2008-04-07 14:31:33,2008-04-07 14:39:39,1,4
112,2008-04-07,14:43:39,14:51:54,8.25,26,109,116.00771290403974,40.35117259099098,49977.811182580364,0,0,1,0,Pv43,pv,5,2008-04-07 14:43:39,2008-04-07 14:51:54,1,5
112,2008-04-07,14:55:54,15:09:42,13.8,25,109,116.00183471157668,40.35117259099098,50249.16442943207,0,0,1,0,Pv44,pv,6,2008-04-07 14:55:54,2008-04-07 15:09:42,1,6
112,2008-04-07,15:13:42,15:43:48,30.1,25,108,116.00183471157668,40.34666808648648,49831.03496484137,0,0,1,0,Pv45,pn,7,2008-04-07 15:13:42,2008-04-07 15:43:48,1,7
112,2008-04-07,15:47:48,15:55:58,8.166666666666666,25,109,116.00183471157668,40.35117259099098,50249.16442943207,0,0,0,1,Pv44,pn,8,2008-04-07 15:47:48,2008-04-07 15:55:58,1,8
112,2008-04-07,15:59:58,16:04:33,4.583333333333333,26,109,116.00771290403974,40.35117259099098,49977.811182580364,0,0,0,1,Pv43,pn,9,2008-04-07 15:59:58,2008-04-07 16:04:33,1,9
112,2008-04-07,16:08:33,16:16:38,8.083333333333334,26,110,116.00771290403974,40.35567709549549,50399.71882113146,0,0,0,1,Pv42,pv,10,2008-04-07 16:08:33,2008-04-07 16:16:38,1,10
112,2008-04-07,16:20:38,16:33:26,12.8,27,110,116.0135910965028,40.35567709549549,50134.175415179816,0,0,1,0,Pv46,pv,11,2008-04-07 16:20:38,2008-04-07 16:33:26,1,11
112,2008-04-07,16:37:26,16:57:20,19.9,27,111,116.0135910965028,40.3601816,50559.75795672467,0,0,1,0,Pv47,pn,12,2008-04-07 16:37:26,2008-04-07 16:57:20,1,12
112,2008-04-07,17:37:43,17:42:03,4.333333333333333,26,110,116.00771290403974,40.35567709549549,50399.71882113146,0,0,0,1,Pv42,pn,13,2008-04-07 17:37:43,2008-04-07 17:42:03,1,13
112,2008-04-07,17:46:04,18:02:56,16.866666666666667,25,110,116.00183471157668,40.35567709549549,50668.79474149084,0,0,0,1,Pv41,pn,14,2008-04-07 17:46:04,2008-04-07 18:02:56,1,14
112,2008-04-07,19:26:10,19:31:17,5.116666666666666,78,46,116.3133789121192,40.0673888072072,10565.973404780025,0,0,0,1,Pv6,pv,15,2008-04-07 19:26:10,2008-04-07 19:31:17,1,15
112,2008-04-07,19:39:22,19:48:56,9.566666666666666,79,45,116.31925710458228,40.0628843027027,10030.059961745616,0,0,1,0,Pv48,pn,16,2008-04-07 19:39:22,2008-04-07 19:48:56,1,16
112,2008-04-07,20:24:34,20:33:41,9.116666666666667,81,26,116.3310134895084,39.97729871711711,708.3561806898888,0,0,0,1,Pv3,end,17,2008-04-07 20:24:34,2008-04-07 20:33:41,1,17
112,2008-04-09,12:27:29,12:35:51,8.366666666666667,80,24,116.32513529704534,39.9682897081081,500.87804794849535,0,0,1,0,Pv49,home,1,2008-04-09 12:27:29,2008-04-09 12:35:51,1,1
112,2008-04-09,13:41:55,13:46:07,4.2,80,25,116.32513529704534,39.972794212612605,0.0,1,0,0,0,HOME,pn,0,2008-04-09 13:41:55,2008-04-09 13:46:07,1,0
112,2008-04-09,18:58:18,19:27:46,29.466666666666665,81,25,116.3310134895084,39.972794212612605,500.9053766156208,0,0,0,1,Pv2,pn,2,2008-04-09 18:58:18,2008-04-09 19:27:46,2,1
112,2008-04-09,20:30:29,20:36:53,6.4,81,26,116.3310134895084,39.97729871711711,708.3561806898888,0,0,0,1,Pv3,end,3,2008-04-09 20:30:29,2008-04-09 20:36:53,2,2
112,2008-04-11,20:03:10,20:07:21,4.183333333333334,81,25,116.3310134895084,39.972794212612605,500.9053766156208,0,0,0,1,Pv2,pn,1,2008-04-11 20:03:10,2008-04-11 20:07:21,1,1
112,2008-04-11,20:10:11,20:17:43,7.533333333333333,81,26,116.3310134895084,39.97729871711711,708.3561806898888,0,0,0,1,Pv3,pn,2,2008-04-11 20:10:11,2008-04-11 20:17:43,1,2
112,2008-04-11,20:47:45,20:52:15,4.5,80,30,116.32513529704534,39.99531673513513,2504.3902397424768,0,0,0,1,Pv26,pv,3,2008-04-11 20:47:45,2008-04-11 20:52:15,1,3
112,2008-04-11,20:56:15,21:04:53,8.633333333333333,79,31,116.31925710458228,39.99982123963964,3046.7104297445408,0,0,1,0,Pv50,pv,4,2008-04-11 20:56:15,2008-04-11 21:04:53,1,4
112,2008-04-11,21:43:34,21:47:34,4.0,80,33,116.32513529704534,40.00883024864864,4007.024383587963,0,0,1,0,Pv51,pv,5,2008-04-11 21:43:34,2008-04-11 21:47:34,1,5
112,2008-04-11,22:04:40,22:08:58,4.3,81,30,116.3310134895084,39.99531673513513,2553.9761111477173,0,0,1,0,Pv52,pn,6,2008-04-11 22:04:40,2008-04-11 22:08:58,1,6
112,2008-04-11,22:12:58,22:16:58,4.0,80,30,116.32513529704534,39.99531673513513,2504.3902397424768,0,0,0,1,Pv26,pn,7,2008-04-11 22:12:58,2008-04-11 22:16:58,1,7
112,2008-04-11,22:20:59,22:25:47,4.8,80,29,116.32513529704534,39.990812230630624,2003.5121917939812,0,0,0,1,Pv25,pn,8,2008-04-11 22:20:59,2008-04-11 22:25:47,1,8
112,2008-04-11,22:30:41,22:34:41,4.0,80,29,116.32513529704534,39.990812230630624,2003.5121917939812,0,0,0,1,Pv25,pv,9,2008-04-11 22:30:41,2008-04-11 22:34:41,1,9
112,2008-04-11,22:38:41,22:42:41,4.0,79,29,116.31925710458228,39.990812230630624,2065.1637094225807,0,0,1,0,Pv53,pn,10,2008-04-11 22:38:41,2008-04-11 22:42:41,1,10
112,2008-04-11,23:24:53,23:29:41,4.8,81,24,116.3310134895084,39.9682897081081,708.3795244943353,0,0,0,1,Pv1,end,11,2008-04-11 23:24:53,2008-04-11 23:29:41,1,11
112,2008-04-12,13:32:26,14:14:51,42.41666666666666,81,24,116.3310134895084,39.9682897081081,708.3795244943353,0,0,0,1,Pv1,pn,1,2008-04-12 13:32:26,2008-04-12 14:14:51,1,1
112,2008-04-12,15:15:57,15:25:51,9.9,81,25,116.3310134895084,39.972794212612605,500.9053766156208,0,0,0,1,Pv2,pn,2,2008-04-12 15:15:57,2008-04-12 15:25:51,1,2
112,2008-04-12,19:27:10,19:36:57,9.783333333333331,82,26,116.33689168197148,39.97729871711711,1120.0167217727453,0,0,0,1,Pv8,end,3,2008-04-12 19:27:10,2008-04-12 19:36:57,1,3
112,2008-04-13,14:23:01,14:27:12,4.183333333333334,80,25,116.32513529704534,39.972794212612605,0.0,1,0,0,0,HOME,pn,0,2008-04-13 14:23:01,2008-04-13 14:27:12,0,0
112,2008-04-13,14:27:30,14:31:50,4.333333333333333,81,25,116.3310134895084,39.972794212612605,500.9053766156208,0,0,0,1,Pv2,pn,1,2008-04-13 14:27:30,2008-04-13 14:31:50,1,1
112,2008-04-13,14:39:11,14:43:11,4.0,81,25,116.3310134895084,39.972794212612605,500.9053766156208,0,0,0,1,Pv2,pv,2,2008-04-13 14:39:11,2008-04-13 14:43:11,1,2
112,2008-04-13,15:34:27,15:40:14,5.783333333333333,94,10,116.40742999152828,39.90522664504504,10279.7829894633,0,0,1,0,Pv54,end,3,2008-04-13 15:34:27,2008-04-13 15:40:14,1,3
112,2008-04-14,12:04:29,12:09:32,5.05,80,25,116.32513529704534,39.972794212612605,0.0,1,0,0,0,HOME,pn,0,2008-04-14 12:04:29,2008-04-14 12:09:32,0,0
112,2008-04-14,12:51:52,13:34:03,42.18333333333333,81,24,116.3310134895084,39.9682897081081,708.3795244943353,0,0,0,1,Pv1,pn,1,2008-04-14 12:51:52,2008-04-14 13:34:03,1,1
112,2008-04-14,13:38:04,13:42:32,4.466666666666667,81,25,116.3310134895084,39.972794212612605,500.9053766156208,0,0,0,1,Pv2,pn,2,2008-04-14 13:38:04,2008-04-14 13:42:32,1,2
112,2008-04-14,13:47:02,14:05:06,18.066666666666663,81,26,116.3310134895084,39.97729871711711,708.3561806898888,0,0,0,1,Pv3,pn,3,2008-04-14 13:47:02,2008-04-14 14:05:06,1,3
112,2008-04-14,14:13:46,14:26:38,12.866666666666667,81,26,116.3310134895084,39.97729871711711,708.3561806898888,0,0,0,1,Pv3,pv,4,2008-04-14 14:13:46,2008-04-14 14:26:38,1,4
112,2008-04-14,19:35:25,19:39:59,4.566666666666666,84,31,116.3486480668976,39.99982123963964,3611.7238054084337,0,0,1,0,Pv55,pv,5,2008-04-14 19:35:25,2008-04-14 19:39:59,1,5
112,2008-04-14,19:43:59,20:46:20,62.35,85,31,116.35452625936068,39.99982123963964,3911.752991849529,0,0,1,0,Pv56,pv,6,2008-04-14 19:43:59,2008-04-14 20:46:20,1,6
112,2008-04-14,20:46:22,21:00:32,14.166666666666666,86,31,116.36040445182374,39.99982123963964,4249.786816781506,0,0,1,0,Pv57,pn,7,2008-04-14 20:46:22,2008-04-14 21:00:32,1,7
112,2008-04-14,21:00:34,21:13:40,13.1,85,31,116.35452625936068,39.99982123963964,3911.752991849529,0,0,0,1,Pv56,pn,8,2008-04-14 21:00:34,2008-04-14 21:13:40,1,8
112,2008-04-14,21:17:40,21:30:54,13.233333333333333,86,31,116.36040445182374,39.99982123963964,4249.786816781506,0,0,0,1,Pv57,pn,9,2008-04-14 21:17:40,2008-04-14 21:30:54,1,9
112,2008-04-14,21:50:52,21:55:09,4.283333333333333,81,24,116.3310134895084,39.9682897081081,708.3795244943353,0,0,0,1,Pv1,pn,10,2008-04-14 21:50:52,2008-04-14 21:55:09,1,10
112,2008-04-14,21:59:09,22:03:30,4.35,80,24,116.32513529704534,39.9682897081081,500.87804794849535,0,0,0,1,Pv49,pn,11,2008-04-14 21:59:09,2008-04-14 22:03:30,1,11
112,2008-04-14,22:50:39,22:58:42,8.05,80,24,116.32513529704534,39.9682897081081,500.87804794849535,0,0,0,1,Pv49,home,12,2008-04-14 22:50:39,2008-04-14 22:58:42,1,12
112,2008-04-14,23:02:42,23:10:54,8.2,80,25,116.32513529704534,39.972794212612605,0.0,1,0,0,0,HOME,end,0,2008-04-14 23:02:42,2008-04-14 23:10:54,1,0
112,2008-04-15,08:47:37,08:52:14,4.616666666666666,81,25,116.3310134895084,39.972794212612605,500.9053766156208,0,0,0,1,Pv2,pn,1,2008-04-15 08:47:37,2008-04-15 08:52:14,1,1
112,2008-04-15,08:52:24,08:56:30,4.1,81,25,116.3310134895084,39.972794212612605,500.9053766156208,0,0,0,1,Pv2,pn,2,2008-04-15 08:52:24,2008-04-15 08:56:30,1,2
112,2008-04-15,09:30:39,09:34:45,4.1,81,26,116.3310134895084,39.97729871711711,708.3561806898888,0,0,0,1,Pv3,pv,3,2008-04-15 09:30:39,2008-04-15 09:34:45,1,3
112,2008-04-15,14:18:44,14:32:02,13.3,97,9,116.42506456891748,39.90072214054054,11696.721123690668,0,0,1,0,Pv58,pn,4,2008-04-15 14:18:44,2008-04-15 14:32:02,1,4
112,2008-04-15,18:20:25,18:56:58,36.55,81,25,116.3310134895084,39.972794212612605,500.9053766156208,0,0,0,1,Pv2,end,5,2008-04-15 18:20:25,2008-04-15 18:56:58,1,5
112,2008-04-16,12:36:05,12:44:45,8.666666666666666,80,25,116.32513529704534,39.972794212612605,0.0,1,0,0,0,HOME,home,0,2008-04-16 12:36:05,2008-04-16 12:44:45,0,0
112,2008-04-16,13:27:48,13:36:34,8.766666666666667,80,25,116.32513529704534,39.972794212612605,0.0,1,0,0,0,HOME,pn,0,2008-04-16 13:27:48,2008-04-16 13:36:34,0,0
112,2008-04-16,13:41:08,13:44:46,3.633333333333333,81,26,116.3310134895084,39.97729871711711,708.3561806898888,0,0,0,1,Pv3,pn,1,2008-04-16 13:41:08,2008-04-16 13:44:46,1,1
112,2008-04-16,17:52:00,19:11:02,79.03333333333333,81,25,116.3310134895084,39.972794212612605,500.9053766156208,0,0,0,1,Pv2,end,2,2008-04-16 17:52:00,2008-04-16 19:11:02,1,2
112,2008-04-17,13:24:34,13:45:39,21.08333333333333,80,25,116.32513529704534,39.972794212612605,0.0,1,0,0,0,HOME,end,0,2008-04-17 13:24:34,2008-04-17 13:45:39,0,0
112,2008-04-22,13:25:28,13:28:40,3.2,93,28,116.4015517990652,39.98630772612612,6682.265291897138,0,0,1,0,Pv59,end,1,2008-04-22 13:25:28,2008-04-22 13:28:40,1,1
112,2008-04-24,23:12:17,23:21:36,9.316666666666666,80,25,116.32513529704534,39.972794212612605,0.0,1,0,0,0,HOME,end,0,2008-04-24 23:12:17,2008-04-24 23:21:36,0,0
112,2008-04-26,00:19:38,00:37:30,17.866666666666667,80,25,116.32513529704534,39.972794212612605,0.0,1,0,0,0,HOME,home,0,2008-04-26 00:19:38,2008-04-26 00:37:30,0,0
112,2008-04-26,00:43:43,00:48:10,4.45,80,25,116.32513529704534,39.972794212612605,0.0,1,0,0,0,HOME,home,0,2008-04-26 00:43:43,2008-04-26 00:48:10,0,0
112,2008-04-26,01:15:15,01:31:25,16.166666666666668,80,25,116.32513529704534,39.972794212612605,0.0,1,0,0,0,HOME,home,0,2008-04-26 01:15:15,2008-04-26 01:31:25,0,0
112,2008-04-26,13:01:46,13:06:15,4.483333333333333,80,25,116.32513529704534,39.972794212612605,0.0,1,0,0,0,HOME,home,0,2008-04-26 13:01:46,2008-04-26 13:06:15,0,0
112,2008-04-26,13:41:44,13:46:05,4.35,80,25,116.32513529704534,39.972794212612605,0.0,1,0,0,0,HOME,pn,0,2008-04-26 13:41:44,2008-04-26 13:46:05,0,0
112,2008-04-26,13:55:28,13:59:54,4.433333333333334,80,24,116.32513529704534,39.9682897081081,500.87804794849535,0,0,0,1,Pv49,end,1,2008-04-26 13:55:28,2008-04-26 13:59:54,1,1
112,2008-04-28,00:01:03,00:26:40,25.616666666666667,80,25,116.32513529704534,39.972794212612605,0.0,1,0,0,0,HOME,home,0,2008-04-28 00:01:03,2008-04-28 00:26:40,0,0
112,2008-04-28,08:46:08,08:51:15,5.116666666666666,80,25,116.32513529704534,39.972794212612605,0.0,1,0,0,0,HOME,pn,0,2008-04-28 08:46:08,2008-04-28 08:51:15,0,0
112,2008-04-28,08:55:15,09:09:12,13.95,81,26,116.3310134895084,39.97729871711711,708.3561806898888,0,0,0,1,Pv3,home,1,2008-04-28 08:55:15,2008-04-28 09:09:12,1,1
112,2008-04-28,23:19:18,23:59:19,40.016666666666666,80,25,116.32513529704534,39.972794212612605,0.0,1,0,0,0,HOME,end,0,2008-04-28 23:19:18,2008-04-28 23:59:19,1,0
112,2008-04-29,00:03:19,00:47:54,44.583333333333336,80,25,116.32513529704534,39.972794212612605,0.0,1,0,0,0,HOME,pv,0,2008-04-29 00:03:19,2008-04-29 00:47:54,0,0
112,2008-04-29,13:58:07,14:03:36,5.483333333333333,77,24,116.30750071965616,39.9682897081081,1584.0402137063843,0,0,1,0,Pv60,pv,1,2008-04-29 13:58:07,2008-04-29 14:03:36,1,1
112,2008-04-29,14:07:37,14:13:35,5.966666666666667,78,24,116.3133789121192,39.9682897081081,1120.075776479273,0,0,1,0,Pv61,end,2,2008-04-29 14:07:37,2008-04-29 14:13:35,1,2
112,2008-04-30,18:31:57,18:35:21,3.4,81,26,116.3310134895084,39.97729871711711,708.3561806898888,0,0,0,1,Pv3,home,1,2008-04-30 18:31:57,2008-04-30 18:35:21,1,1
112,2008-04-30,18:35:57,18:44:09,8.2,80,25,116.32513529704534,39.972794212612605,0.0,1,0,0,0,HOME,end,0,2008-04-30 18:35:57,2008-04-30 18:44:09,1,0
112,2008-05-01,10:26:50,10:34:21,7.516666666666667,80,25,116.32513529704534,39.972794212612605,0.0,1,0,0,0,HOME,end,0,2008-05-01 10:26:50,2008-05-01 10:34:21,0,0
112,2008-05-02,01:25:12,01:28:43,3.5166666666666666,80,25,116.32513529704534,39.972794212612605,0.0,1,0,0,0,HOME,home,0,2008-05-02 01:25:12,2008-05-02 01:28:43,0,0
112,2008-05-02,03:21:18,03:26:27,5.15,80,25,116.32513529704534,39.972794212612605,0.0,1,0,0,0,HOME,end,0,2008-05-02 03:21:18,2008-05-02 03:26:27,0,0
112,2008-05-04,10:16:34,10:28:16,11.7,80,25,116.32513529704534,39.972794212612605,0.0,1,0,0,0,HOME,pn,0,2008-05-04 10:16:34,2008-05-04 10:28:16,0,0
112,2008-05-04,10:28:48,10:31:59,3.183333333333333,81,26,116.3310134895084,39.97729871711711,708.3561806898888,0,0,0,1,Pv3,end,1,2008-05-04 10:28:48,2008-05-04 10:31:59,1,1
112,2008-05-05,01:17:15,01:20:23,3.1333333333333333,81,26,116.3310134895084,39.97729871711711,708.3561806898888,0,0,0,1,Pv3,home,1,2008-05-05 01:17:15,2008-05-05 01:20:23,1,1
112,2008-05-05,01:21:07,01:29:46,8.65,80,25,116.32513529704534,39.972794212612605,0.0,1,0,0,0,HOME,home,0,2008-05-05 01:21:07,2008-05-05 01:29:46,1,0
112,2008-05-05,08:57:59,09:04:40,6.683333333333334,80,25,116.32513529704534,39.972794212612605,0.0,1,0,0,0,HOME,pv,0,2008-05-05 08:57:59,2008-05-05 09:04:40,1,0
112,2008-05-05,12:12:57,12:16:01,3.066666666666667,79,20,116.31925710458228,39.95027169009008,2554.008483995206,0,0,1,0,Pv62,end,2,2008-05-05 12:12:57,2008-05-05 12:16:01,2,1
112,2008-05-06,12:27:51,12:31:20,3.4833333333333334,81,26,116.3310134895084,39.97729871711711,708.3561806898888,0,0,0,1,Pv3,end,1,2008-05-06 12:27:51,2008-05-06 12:31:20,1,1
112,2008-05-07,02:26:59,02:31:59,5.0,80,25,116.32513529704534,39.972794212612605,0.0,1,0,0,0,HOME,home,0,2008-05-07 02:26:59,2008-05-07 02:31:59,0,0
112,2008-05-07,12:10:21,12:15:01,4.666666666666667,80,25,116.32513529704534,39.972794212612605,0.0,1,0,0,0,HOME,end,0,2008-05-07 12:10:21,2008-05-07 12:15:01,0,0
112,2008-05-08,01:19:57,01:39:27,19.5,80,25,116.32513529704534,39.972794212612605,0.0,1,0,0,0,HOME,end,0,2008-05-08 01:19:57,2008-05-08 01:39:27,0,0
112,2008-05-09,01:51:05,02:05:31,14.433333333333334,80,25,116.32513529704534,39.972794212612605,0.0,1,0,0,0,HOME,home,0,2008-05-09 01:51:05,2008-05-09 02:05:31,0,0
112,2008-05-09,21:27:03,21:32:55,5.866666666666666,80,25,116.32513529704534,39.972794212612605,0.0,1,0,0,0,HOME,end,0,2008-05-09 21:27:03,2008-05-09 21:32:55,0,0
112,2008-05-10,11:29:06,12:28:51,59.75,80,25,116.32513529704534,39.972794212612605,0.0,1,0,0,0,HOME,pn,0,2008-05-10 11:29:06,2008-05-10 12:28:51,0,0
112,2008-05-10,12:29:52,12:33:39,3.783333333333333,81,26,116.3310134895084,39.97729871711711,708.3561806898888,0,0,0,1,Pv3,pn,1,2008-05-10 12:29:52,2008-05-10 12:33:39,1,1
112,2008-05-10,13:40:50,13:45:12,4.366666666666666,81,26,116.3310134895084,39.97729871711711,708.3561806898888,0,0,0,1,Pv3,pn,2,2008-05-10 13:40:50,2008-05-10 13:45:12,1,2
112,2008-05-10,19:00:40,19:49:04,48.4,82,26,116.33689168197148,39.97729871711711,1120.0167217727453,0,0,0,1,Pv8,pn,3,2008-05-10 19:00:40,2008-05-10 19:49:04,1,3
112,2008-05-10,21:08:14,21:18:16,10.033333333333331,82,26,116.33689168197148,39.97729871711711,1120.0167217727453,0,0,0,1,Pv8,pn,4,2008-05-10 21:08:14,2008-05-10 21:18:16,1,4
112,2008-05-10,21:19:34,21:27:14,7.666666666666667,81,26,116.3310134895084,39.97729871711711,708.3561806898888,0,0,0,1,Pv3,pn,5,2008-05-10 21:19:34,2008-05-10 21:27:14,1,5
112,2008-05-10,21:27:16,21:38:12,10.933333333333334,80,26,116.32513529704534,39.97729871711711,500.87804794849535,0,0,0,1,Pv24,pn,6,2008-05-10 21:27:16,2008-05-10 21:38:12,1,6
112,2008-05-10,21:38:14,21:49:23,11.15,80,27,116.32513529704534,39.98180322162162,1001.756095897698,0,0,0,1,Pv5,pn,7,2008-05-10 21:38:14,2008-05-10 21:49:23,1,7
112,2008-05-10,21:49:25,22:00:27,11.033333333333331,80,28,116.32513529704534,39.98630772612612,1502.634143845486,0,0,0,1,Pv4,pv,8,2008-05-10 21:49:25,2008-05-10 22:00:27,1,8
112,2008-05-10,22:00:29,22:10:43,10.233333333333333,79,28,116.31925710458228,39.98630772612612,1583.9084424039052,0,0,1,0,Pv63,pv,9,2008-05-10 22:00:29,2008-05-10 22:10:43,1,9
112,2008-05-10,22:14:31,22:37:59,23.466666666666665,78,27,116.3133789121192,39.98180322162162,1416.6890144263375,0,0,1,0,Pv64,pv,10,2008-05-10 22:14:31,2008-05-10 22:37:59,1,10
112,2008-05-10,22:40:35,22:43:47,3.2,78,26,116.3133789121192,39.97729871711711,1120.0167217727453,0,0,1,0,Pv65,pn,11,2008-05-10 22:40:35,2008-05-10 22:43:47,1,11
112,2008-05-10,22:58:11,23:03:27,5.266666666666667,80,26,116.32513529704534,39.97729871711711,500.87804794849535,0,0,0,1,Pv24,end,12,2008-05-10 22:58:11,2008-05-10 23:03:27,1,12
112,2008-05-11,19:21:44,19:28:38,6.9,81,26,116.3310134895084,39.97729871711711,708.3561806898888,0,0,0,1,Pv3,end,1,2008-05-11 19:21:44,2008-05-11 19:28:38,1,1
112,2008-05-12,01:46:27,01:53:21,6.9,80,25,116.32513529704534,39.972794212612605,0.0,1,0,0,0,HOME,home,0,2008-05-12 01:46:27,2008-05-12 01:53:21,0,0
112,2008-05-12,23:04:37,23:14:42,10.083333333333334,80,25,116.32513529704534,39.972794212612605,0.0,1,0,0,0,HOME,end,0,2008-05-12 23:04:37,2008-05-12 23:14:42,0,0
112,2008-05-13,16:38:15,16:43:12,4.95,81,26,116.3310134895084,39.97729871711711,708.3561806898888,0,0,0,1,Pv3,home,1,2008-05-13 16:38:15,2008-05-13 16:43:12,1,1
112,2008-05-13,16:44:39,16:54:02,9.383333333333333,80,25,116.32513529704534,39.972794212612605,0.0,1,0,0,0,HOME,home,0,2008-05-13 16:44:39,2008-05-13 16:54:02,1,0
112,2008-05-13,18:28:57,18:47:12,18.25,80,25,116.32513529704534,39.972794212612605,0.0,1,0,0,0,HOME,end,0,2008-05-13 18:28:57,2008-05-13 18:47:12,1,0
112,2008-05-14,02:13:54,02:21:43,7.816666666666666,80,25,116.32513529704534,39.972794212612605,0.0,1,0,0,0,HOME,home,0,2008-05-14 02:13:54,2008-05-14 02:21:43,0,0
112,2008-05-14,09:34:07,09:41:01,6.9,80,25,116.32513529704534,39.972794212612605,0.0,1,0,0,0,HOME,pn,0,2008-05-14 09:34:07,2008-05-14 09:41:01,0,0
112,2008-05-14,09:43:59,09:55:44,11.75,81,26,116.3310134895084,39.97729871711711,708.3561806898888,0,0,0,1,Pv3,end,1,2008-05-14 09:43:59,2008-05-14 09:55:44,1,1
112,2008-05-15,00:36:03,00:39:05,3.033333333333333,81,26,116.3310134895084,39.97729871711711,708.3561806898888,0,0,0,1,Pv3,home,1,2008-05-15 00:36:03,2008-05-15 00:39:05,1,1
112,2008-05-15,00:39:42,00:48:23,8.683333333333334,80,25,116.32513529704534,39.972794212612605,0.0,1,0,0,0,HOME,end,0,2008-05-15 00:39:42,2008-05-15 00:48:23,1,0
112,2008-05-16,02:20:19,02:25:02,4.716666666666667,80,25,116.32513529704534,39.972794212612605,0.0,1,0,0,0,HOME,pn,0,2008-05-16 02:20:19,2008-05-16 02:25:02,0,0
112,2008-05-16,17:07:09,17:10:35,3.433333333333333,81,26,116.3310134895084,39.97729871711711,708.3561806898888,0,0,0,1,Pv3,home,1,2008-05-16 17:07:09,2008-05-16 17:10:35,1,1
112,2008-05-16,17:11:23,17:24:11,12.8,80,25,116.32513529704534,39.972794212612605,0.0,1,0,0,0,HOME,end,0,2008-05-16 17:11:23,2008-05-16 17:24:11,1,0
112,2008-05-17,07:04:11,07:07:38,3.45,81,26,116.3310134895084,39.97729871711711,708.3561806898888,0,0,0,1,Pv3,pn,1,2008-05-17 07:04:11,2008-05-17 07:07:38,1,1
112,2008-05-17,07:08:54,07:14:25,5.516666666666667,81,25,116.3310134895084,39.972794212612605,500.9053766156208,0,0,0,1,Pv2,pv,2,2008-05-17 07:08:54,2008-05-17 07:14:25,1,2
112,2008-05-17,07:20:39,07:23:51,3.2,79,25,116.31925710458228,39.972794212612605,500.9053766156208,0,0,1,0,Pv66,pn,3,2008-05-17 07:20:39,2008-05-17 07:23:51,1,3
112,2008-05-17,07:25:40,07:33:50,8.166666666666666,79,25,116.31925710458228,39.972794212612605,500.9053766156208,0,0,0,1,Pv66,pv,4,2008-05-17 07:25:40,2008-05-17 07:33:50,1,4
112,2008-05-17,07:37:25,07:57:38,20.216666666666665,78,25,116.3133789121192,39.972794212612605,1001.810752689432,0,0,1,0,Pv67,home,5,2008-05-17 07:37:25,2008-05-17 07:57:38,1,5
112,2008-05-17,17:05:48,17:20:54,15.1,80,25,116.32513529704534,39.972794212612605,0.0,1,0,0,0,HOME,end,0,2008-05-17 17:05:48,2008-05-17 17:20:54,1,0
112,2008-05-18,01:26:19,01:31:41,5.366666666666666,93,32,116.4015517990652,40.00432574414414,7394.365446523814,0,0,1,0,Pv68,pv,1,2008-05-18 01:26:19,2008-05-18 01:31:41,1,1
112,2008-05-18,01:31:43,01:35:13,3.5,92,32,116.39567360660214,40.00432574414414,6957.505342479096,0,0,1,0,Pv69,pn,2,2008-05-18 01:31:43,2008-05-18 01:35:13,1,2
112,2008-05-18,05:18:10,05:28:13,10.05,81,26,116.3310134895084,39.97729871711711,708.3561806898888,0,0,0,1,Pv3,pn,3,2008-05-18 05:18:10,2008-05-18 05:28:13,1,3
112,2008-05-18,16:19:42,16:24:23,4.683333333333334,81,26,116.3310134895084,39.97729871711711,708.3561806898888,0,0,0,1,Pv3,home,4,2008-05-18 16:19:42,2008-05-18 16:24:23,1,4
112,2008-05-18,16:25:05,16:37:07,12.033333333333331,80,25,116.32513529704534,39.972794212612605,0.0,1,0,0,0,HOME,end,0,2008-05-18 16:25:05,2008-05-18 16:37:07,1,0
112,2008-05-19,02:13:09,02:19:52,6.716666666666667,80,25,116.32513529704534,39.972794212612605,0.0,1,0,0,0,HOME,pn,0,2008-05-19 02:13:09,2008-05-19 02:19:52,0,0
112,2008-05-19,17:07:49,17:14:03,6.233333333333333,81,26,116.3310134895084,39.97729871711711,708.3561806898888,0,0,0,1,Pv3,end,1,2008-05-19 17:07:49,2008-05-19 17:14:03,1,1
112,2008-05-20,11:34:16,11:39:20,5.066666666666666,81,26,116.3310134895084,39.97729871711711,708.3561806898888,0,0,0,1,Pv3,home,1,2008-05-20 11:34:16,2008-05-20 11:39:20,1,1
112,2008-05-20,17:13:12,17:33:51,20.65,80,25,116.32513529704534,39.972794212612605,0.0,1,0,0,0,HOME,end,0,2008-05-20 17:13:12,2008-05-20 17:33:51,1,0
112,2008-05-21,02:38:39,02:46:14,7.583333333333333,80,25,116.32513529704534,39.972794212612605,0.0,1,0,0,0,HOME,pn,0,2008-05-21 02:38:39,2008-05-21 02:46:14,0,0
112,2008-05-21,02:47:34,02:51:03,3.4833333333333334,81,26,116.3310134895084,39.97729871711711,708.3561806898888,0,0,0,1,Pv3,end,1,2008-05-21 02:47:34,2008-05-21 02:51:03,1,1
112,2008-05-22,15:51:40,15:54:46,3.1,81,26,116.3310134895084,39.97729871711711,708.3561806898888,0,0,0,1,Pv3,home,1,2008-05-22 15:51:40,2008-05-22 15:54:46,1,1
112,2008-05-22,15:55:38,16:04:29,8.85,80,25,116.32513529704534,39.972794212612605,0.0,1,0,0,0,HOME,end,0,2008-05-22 15:55:38,2008-05-22 16:04:29,1,0
112,2008-05-23,13:04:37,13:08:16,3.65,81,26,116.3310134895084,39.97729871711711,708.3561806898888,0,0,0,1,Pv3,pn,1,2008-05-23 13:04:37,2008-05-23 13:08:16,1,1
112,2008-05-23,13:08:18,13:13:00,4.7,80,26,116.32513529704534,39.97729871711711,500.87804794849535,0,0,0,1,Pv24,home,2,2008-05-23 13:08:18,2008-05-23 13:13:00,1,2
112,2008-05-23,13:14:21,13:17:58,3.6166666666666663,80,25,116.32513529704534,39.972794212612605,0.0,1,0,0,0,HOME,end,0,2008-05-23 13:14:21,2008-05-23 13:17:58,1,0
112,2008-05-24,00:30:39,00:44:41,14.033333333333331,80,25,116.32513529704534,39.972794212612605,0.0,1,0,0,0,HOME,pn,0,2008-05-24 00:30:39,2008-05-24 00:44:41,0,0
112,2008-05-24,00:44:43,00:53:46,9.05,80,26,116.32513529704534,39.97729871711711,500.87804794849535,0,0,0,1,Pv24,home,1,2008-05-24 00:44:43,2008-05-24 00:53:46,1,1
112,2008-05-24,00:53:48,01:00:56,7.133333333333334,80,25,116.32513529704534,39.972794212612605,0.0,1,0,0,0,HOME,pv,0,2008-05-24 00:53:48,2008-05-24 01:00:56,1,0
112,2008-05-24,01:18:53,01:23:23,4.5,75,30,116.29574433473,39.99531673513513,3541.5474023837573,0,0,1,0,Pv70,pv,2,2008-05-24 01:18:53,2008-05-24 01:23:23,2,1
112,2008-05-24,01:23:25,01:26:41,3.2666666666666666,74,30,116.28986614226694,39.99531673513513,3911.7280683523263,0,0,1,0,Pv71,pv,3,2008-05-24 01:23:25,2008-05-24 01:26:41,2,2
112,2008-05-24,01:26:43,01:30:28,3.75,73,30,116.28398794980389,39.99531673513513,4308.401319014813,0,0,1,0,Pv72,pv,4,2008-05-24 01:26:43,2008-05-24 01:30:28,2,3
112,2008-05-24,01:30:30,02:09:16,38.766666666666666,72,30,116.2781097573408,39.99531673513513,4724.89939829618,0,0,1,0,Pv73,pn,5,2008-05-24 01:30:30,2008-05-24 02:09:16,2,4
112,2008-05-24,02:11:57,02:21:13,9.266666666666667,72,30,116.2781097573408,39.99531673513513,4724.89939829618,0,0,0,1,Pv73,pv,6,2008-05-24 02:11:57,2008-05-24 02:21:13,2,5
112,2008-05-24,02:51:14,02:56:10,4.933333333333334,71,30,116.27223156487774,39.99531673513513,5156.420624754819,0,0,1,0,Pv74,pv,7,2008-05-24 02:51:14,2008-05-24 02:56:10,2,6
112,2008-05-24,02:56:12,03:12:25,16.216666666666665,71,31,116.27223156487774,39.99982123963964,5417.287216940352,0,0,1,0,Pv75,pv,8,2008-05-24 02:56:12,2008-05-24 03:12:25,2,7
112,2008-05-24,03:12:27,03:24:43,12.266666666666667,70,31,116.26635337241468,39.99982123963964,5840.576405855984,0,0,1,0,Pv76,pn,9,2008-05-24 03:12:27,2008-05-24 03:24:43,2,8
112,2008-05-24,05:26:16,06:06:26,40.16666666666666,70,31,116.26635337241468,39.99982123963964,5840.576405855984,0,0,0,1,Pv76,pn,10,2008-05-24 05:26:16,2008-05-24 06:06:26,2,9
112,2008-05-24,06:36:19,07:11:53,35.56666666666667,70,31,116.26635337241468,39.99982123963964,5840.576405855984,0,0,0,1,Pv76,pv,11,2008-05-24 06:36:19,2008-05-24 07:11:53,2,10
112,2008-05-24,07:14:36,07:18:04,3.466666666666667,69,30,116.2604751799516,39.99531673513513,6051.5793859860505,0,0,1,0,Pv77,pv,12,2008-05-24 07:14:36,2008-05-24 07:18:04,2,11
112,2008-05-24,07:18:06,07:51:03,32.95,70,30,116.26635337241468,39.99531673513513,5599.49282643293,0,0,1,0,Pv78,pn,13,2008-05-24 07:18:06,2008-05-24 07:51:03,2,12
112,2008-05-24,07:51:05,08:13:14,22.15,71,30,116.27223156487774,39.99531673513513,5156.420624754819,0,0,0,1,Pv74,pv,14,2008-05-24 07:51:05,2008-05-24 08:13:14,2,13
112,2008-05-24,08:13:16,09:06:47,53.516666666666666,71,29,116.27223156487774,39.990812230630624,4932.758263087904,0,0,1,0,Pv79,pv,15,2008-05-24 08:13:16,2008-05-24 09:06:47,2,14
112,2008-05-24,09:06:49,09:16:53,10.066666666666666,71,28,116.27223156487774,39.98630772612612,4751.556803703023,0,0,1,0,Pv80,pn,16,2008-05-24 09:06:49,2008-05-24 09:16:53,2,15
112,2008-05-24,09:16:55,09:26:16,9.35,71,29,116.27223156487774,39.990812230630624,4932.758263087904,0,0,0,1,Pv79,pn,17,2008-05-24 09:16:55,2008-05-24 09:26:16,2,16
112,2008-05-24,09:26:19,09:51:28,25.15,71,30,116.27223156487774,39.99531673513513,5156.420624754819,0,0,0,1,Pv74,pn,18,2008-05-24 09:26:19,2008-05-24 09:51:28,2,17
112,2008-05-24,10:40:31,10:51:42,11.183333333333334,71,30,116.27223156487774,39.99531673513513,5156.420624754819,0,0,0,1,Pv74,pn,19,2008-05-24 10:40:31,2008-05-24 10:51:42,2,18
112,2008-05-24,10:51:44,11:06:13,14.483333333333333,71,29,116.27223156487774,39.990812230630624,4932.758263087904,0,0,0,1,Pv79,pv,20,2008-05-24 10:51:44,2008-05-24 11:06:13,2,19
112,2008-05-24,11:09:22,11:12:57,3.583333333333333,72,29,116.2781097573408,39.990812230630624,4479.712441170335,0,0,1,0,Pv81,pv,21,2008-05-24 11:09:22,2008-05-24 11:12:57,2,20
112,2008-05-24,11:29:19,11:35:56,6.616666666666666,76,24,116.30162252719308,39.9682897081081,2065.3431932793837,0,0,1,0,Pv82,pn,22,2008-05-24 11:29:19,2008-05-24 11:35:56,2,21
112,2008-05-24,11:35:58,11:42:29,6.516666666666667,77,24,116.30750071965616,39.9682897081081,1584.0402137063843,0,0,0,1,Pv60,end,23,2008-05-24 11:35:58,2008-05-24 11:42:29,2,22
112,2008-05-25,14:41:39,14:45:15,3.6,81,26,116.3310134895084,39.97729871711711,708.3561806898888,0,0,0,1,Pv3,home,1,2008-05-25 14:41:39,2008-05-25 14:45:15,1,1
112,2008-05-25,14:46:54,15:01:15,14.35,80,25,116.32513529704534,39.972794212612605,0.0,1,0,0,0,HOME,end,0,2008-05-25 14:46:54,2008-05-25 15:01:15,1,0
112,2008-05-26,01:22:15,01:30:25,8.166666666666666,80,25,116.32513529704534,39.972794212612605,0.0,1,0,0,0,HOME,end,0,2008-05-26 01:22:15,2008-05-26 01:30:25,0,0
112,2008-05-27,10:58:41,11:06:10,7.483333333333333,81,26,116.3310134895084,39.97729871711711,708.3561806898888,0,0,0,1,Pv3,pn,1,2008-05-27 10:58:41,2008-05-27 11:06:10,1,1
112,2008-05-27,11:10:10,11:13:44,3.566666666666667,81,26,116.3310134895084,39.97729871711711,708.3561806898888,0,0,0,1,Pv3,home,2,2008-05-27 11:10:10,2008-05-27 11:13:44,1,2
112,2008-05-27,11:16:21,12:24:07,67.76666666666667,80,25,116.32513529704534,39.972794212612605,0.0,1,0,0,0,HOME,end,0,2008-05-27 11:16:21,2008-05-27 12:24:07,1,0
112,2008-05-28,01:29:10,01:33:32,4.366666666666666,80,25,116.32513529704534,39.972794212612605,0.0,1,0,0,0,HOME,home,0,2008-05-28 01:29:10,2008-05-28 01:33:32,0,0
112,2008-05-28,01:33:38,01:36:56,3.3,80,25,116.32513529704534,39.972794212612605,0.0,1,0,0,0,HOME,pn,0,2008-05-28 01:33:38,2008-05-28 01:36:56,0,0
112,2008-05-28,15:48:31,15:52:02,3.5166666666666666,81,26,116.3310134895084,39.97729871711711,708.3561806898888,0,0,0,1,Pv3,home,1,2008-05-28 15:48:31,2008-05-28 15:52:02,1,1
112,2008-05-28,15:57:43,16:04:13,6.5,80,25,116.32513529704534,39.972794212612605,0.0,1,0,0,0,HOME,end,0,2008-05-28 15:57:43,2008-05-28 16:04:13,1,0
112,2008-05-29,15:56:31,16:01:55,5.4,81,26,116.3310134895084,39.97729871711711,708.3561806898888,0,0,0,1,Pv3,home,1,2008-05-29 15:56:31,2008-05-29 16:01:55,1,1
112,2008-05-29,16:02:46,16:13:30,10.733333333333333,80,25,116.32513529704534,39.972794212612605,0.0,1,0,0,0,HOME,end,0,2008-05-29 16:02:46,2008-05-29 16:13:30,1,0
112,2008-05-30,01:36:11,01:42:37,6.433333333333334,80,25,116.32513529704534,39.972794212612605,0.0,1,0,0,0,HOME,pn,0,2008-05-30 01:36:11,2008-05-30 01:42:37,0,0
112,2008-05-30,06:33:09,06:59:41,26.53333333333333,81,26,116.3310134895084,39.97729871711711,708.3561806898888,0,0,0,1,Pv3,pv,1,2008-05-30 06:33:09,2008-05-30 06:59:41,1,1
112,2008-05-30,07:35:54,07:42:35,6.683333333333334,117,37,116.5426284181788,40.02684826666666,19476.78636755952,0,0,1,0,Pv83,pv,2,2008-05-30 07:35:54,2008-05-30 07:42:35,1,2
112,2008-05-30,07:46:04,08:34:24,48.333333333333336,117,34,116.5426284181788,40.013334753153146,19068.50281403716,0,0,1,0,Pv84,pn,3,2008-05-30 07:46:04,2008-05-30 08:34:24,1,3
112,2008-05-30,09:15:58,09:42:09,26.183333333333334,117,34,116.5426284181788,40.013334753153146,19068.50281403716,0,0,0,1,Pv84,pv,4,2008-05-30 09:15:58,2008-05-30 09:42:09,1,4
112,2008-05-30,09:42:11,10:23:47,41.6,117,35,116.5426284181788,40.01783925765765,19192.49451980336,0,0,1,0,Pv85,pv,5,2008-05-30 09:42:11,2008-05-30 10:23:47,1,5
112,2008-05-30,10:26:26,11:31:16,64.83333333333333,116,35,116.53675022571576,40.01783925765765,18709.564032427345,0,0,1,0,Pv86,pn,6,2008-05-30 10:26:26,2008-05-30 11:31:16,1,6
112,2008-05-30,11:31:54,11:35:07,3.216666666666667,117,35,116.5426284181788,40.01783925765765,19192.49451980336,0,0,0,1,Pv85,pn,7,2008-05-30 11:31:54,2008-05-30 11:35:07,1,7
112,2008-05-30,11:35:09,11:59:05,23.933333333333334,116,35,116.53675022571576,40.01783925765765,18709.564032427345,0,0,0,1,Pv86,pn,8,2008-05-30 11:35:09,2008-05-30 11:59:05,1,8
112,2008-05-30,12:02:07,12:08:52,6.75,116,35,116.53675022571576,40.01783925765765,18709.564032427345,0,0,0,1,Pv86,pv,9,2008-05-30 12:02:07,2008-05-30 12:08:52,1,9
112,2008-05-30,12:12:06,12:15:16,3.1666666666666665,118,37,116.54850661064188,40.02684826666666,19953.65291836264,0,0,1,0,Pv87,pv,10,2008-05-30 12:12:06,2008-05-30 12:15:16,1,10
112,2008-05-30,12:40:33,12:43:41,3.1333333333333333,84,28,116.3486480668976,39.98630772612612,2504.319206321019,0,0,1,0,Pv88,home,11,2008-05-30 12:40:33,2008-05-30 12:43:41,1,11
112,2008-05-30,17:47:04,17:54:36,7.533333333333333,80,25,116.32513529704534,39.972794212612605,0.0,1,0,0,0,HOME,end,0,2008-05-30 17:47:04,2008-05-30 17:54:36,1,0
112,2008-05-31,03:11:01,03:16:01,5.0,80,25,116.32513529704534,39.972794212612605,0.0,1,0,0,0,HOME,pn,0,2008-05-31 03:11:01,2008-05-31 03:16:01,0,0
112,2008-05-31,03:17:35,03:20:56,3.35,81,26,116.3310134895084,39.97729871711711,708.3561806898888,0,0,0,1,Pv3,home,1,2008-05-31 03:17:35,2008-05-31 03:20:56,1,1
112,2008-05-31,16:23:47,16:28:26,4.65,80,25,116.32513529704534,39.972794212612605,0.0,1,0,0,0,HOME,end,0,2008-05-31 16:23:47,2008-05-31 16:28:26,1,0
112,2008-06-01,04:02:42,04:25:37,22.916666666666668,80,25,116.32513529704534,39.972794212612605,0.0,1,0,0,0,HOME,pn,0,2008-06-01 04:02:42,2008-06-01 04:25:37,0,0
112,2008-06-01,04:27:03,04:30:23,3.333333333333333,81,26,116.3310134895084,39.97729871711711,708.3561806898888,0,0,0,1,Pv3,pn,1,2008-06-01 04:27:03,2008-06-01 04:30:23,1,1
112,2008-06-01,15:11:25,15:14:34,3.15,81,26,116.3310134895084,39.97729871711711,708.3561806898888,0,0,0,1,Pv3,home,2,2008-06-01 15:11:25,2008-06-01 15:14:34,1,2
112,2008-06-01,15:15:42,15:24:03,8.35,80,25,116.32513529704534,39.972794212612605,0.0,1,0,0,0,HOME,end,0,2008-06-01 15:15:42,2008-06-01 15:24:03,1,0
112,2008-06-02,15:12:27,15:23:41,11.233333333333333,80,25,116.32513529704534,39.972794212612605,0.0,1,0,0,0,HOME,end,0,2008-06-02 15:12:27,2008-06-02 15:23:41,0,0
112,2008-06-03,01:38:35,01:51:07,12.533333333333331,80,25,116.32513529704534,39.972794212612605,0.0,1,0,0,0,HOME,home,0,2008-06-03 01:38:35,2008-06-03 01:51:07,0,0
112,2008-06-03,15:44:30,15:48:29,3.983333333333333,80,25,116.32513529704534,39.972794212612605,0.0,1,0,0,0,HOME,end,0,2008-06-03 15:44:30,2008-06-03 15:48:29,0,0
112,2008-06-04,15:22:30,16:02:59,40.48333333333333,81,26,116.3310134895084,39.97729871711711,708.3561806898888,0,0,0,1,Pv3,home,1,2008-06-04 15:22:30,2008-06-04 16:02:59,1,1
112,2008-06-04,16:04:21,16:13:45,9.4,80,25,116.32513529704534,39.972794212612605,0.0,1,0,0,0,HOME,end,0,2008-06-04 16:04:21,2008-06-04 16:13:45,1,0
112,2008-06-05,16:25:40,16:32:39,6.983333333333333,81,26,116.3310134895084,39.97729871711711,708.3561806898888,0,0,0,1,Pv3,home,1,2008-06-05 16:25:40,2008-06-05 16:32:39,1,1
112,2008-06-05,16:35:38,16:44:49,9.183333333333334,80,25,116.32513529704534,39.972794212612605,0.0,1,0,0,0,HOME,end,0,2008-06-05 16:35:38,2008-06-05 16:44:49,1,0
112,2008-06-06,01:39:48,01:47:24,7.6,80,25,116.32513529704534,39.972794212612605,0.0,1,0,0,0,HOME,home,0,2008-06-06 01:39:48,2008-06-06 01:47:24,0,0
112,2008-06-06,17:37:38,17:45:05,7.45,80,25,116.32513529704534,39.972794212612605,0.0,1,0,0,0,HOME,end,0,2008-06-06 17:37:38,2008-06-06 17:45:05,0,0
112,2008-06-07,01:27:12,01:33:27,6.25,80,25,116.32513529704534,39.972794212612605,0.0,1,0,0,0,HOME,pn,0,2008-06-07 01:27:12,2008-06-07 01:33:27,0,0
112,2008-06-07,15:46:39,15:50:45,4.1,81,26,116.3310134895084,39.97729871711711,708.3561806898888,0,0,0,1,Pv3,home,1,2008-06-07 15:46:39,2008-06-07 15:50:45,1,1
112,2008-06-07,15:51:43,16:01:26,9.716666666666669,80,25,116.32513529704534,39.972794212612605,0.0,1,0,0,0,HOME,end,0,2008-06-07 15:51:43,2008-06-07 16:01:26,1,0
112,2008-06-08,00:46:27,00:53:02,6.583333333333333,80,25,116.32513529704534,39.972794212612605,0.0,1,0,0,0,HOME,pn,0,2008-06-08 00:46:27,2008-06-08 00:53:02,0,0
112,2008-06-08,01:26:56,01:31:02,4.1,93,32,116.4015517990652,40.00432574414414,7394.365446523814,0,0,0,1,Pv68,pn,1,2008-06-08 01:26:56,2008-06-08 01:31:02,1,1
112,2008-06-08,04:29:24,04:35:36,6.2,93,32,116.4015517990652,40.00432574414414,7394.365446523814,0,0,0,1,Pv68,pn,2,2008-06-08 04:29:24,2008-06-08 04:35:36,1,2
112,2008-06-08,05:02:39,05:13:31,10.866666666666667,81,26,116.3310134895084,39.97729871711711,708.3561806898888,0,0,0,1,Pv3,pn,3,2008-06-08 05:02:39,2008-06-08 05:13:31,1,3
112,2008-06-08,05:14:50,05:21:28,6.633333333333334,81,26,116.3310134895084,39.97729871711711,708.3561806898888,0,0,0,1,Pv3,end,4,2008-06-08 05:14:50,2008-06-08 05:21:28,1,4
112,2008-06-09,01:49:15,01:53:02,3.783333333333333,80,25,116.32513529704534,39.972794212612605,0.0,1,0,0,0,HOME,pn,0,2008-06-09 01:49:15,2008-06-09 01:53:02,0,0
112,2008-06-09,11:13:33,11:17:58,4.416666666666667,81,26,116.3310134895084,39.97729871711711,708.3561806898888,0,0,0,1,Pv3,pn,1,2008-06-09 11:13:33,2008-06-09 11:17:58,1,1
112,2008-06-09,11:18:00,12:00:51,42.85,80,26,116.32513529704534,39.97729871711711,500.87804794849535,0,0,0,1,Pv24,home,2,2008-06-09 11:18:00,2008-06-09 12:00:51,1,2
112,2008-06-09,12:00:53,12:09:22,8.483333333333333,80,25,116.32513529704534,39.972794212612605,0.0,1,0,0,0,HOME,pn,0,2008-06-09 12:00:53,2008-06-09 12:09:22,1,0
112,2008-06-09,12:10:03,12:14:11,4.133333333333334,81,26,116.3310134895084,39.97729871711711,708.3561806898888,0,0,0,1,Pv3,pn,3,2008-06-09 12:10:03,2008-06-09 12:14:11,2,1
112,2008-06-09,15:09:13,15:12:44,3.5166666666666666,81,26,116.3310134895084,39.97729871711711,708.3561806898888,0,0,0,1,Pv3,home,4,2008-06-09 15:09:13,2008-06-09 15:12:44,2,2
112,2008-06-09,15:13:08,15:23:29,10.35,80,25,116.32513529704534,39.972794212612605,0.0,1,0,0,0,HOME,end,0,2008-06-09 15:13:08,2008-06-09 15:23:29,2,0
112,2008-06-10,01:41:16,01:47:45,6.483333333333333,80,25,116.32513529704534,39.972794212612605,0.0,1,0,0,0,HOME,pn,0,2008-06-10 01:41:16,2008-06-10 01:47:45,0,0
112,2008-06-10,15:05:09,15:08:20,3.183333333333333,81,26,116.3310134895084,39.97729871711711,708.3561806898888,0,0,0,1,Pv3,home,1,2008-06-10 15:05:09,2008-06-10 15:08:20,1,1
112,2008-06-10,15:09:17,15:17:31,8.233333333333333,80,25,116.32513529704534,39.972794212612605,0.0,1,0,0,0,HOME,end,0,2008-06-10 15:09:17,2008-06-10 15:17:31,1,0
112,2008-06-11,01:15:09,01:22:16,7.116666666666666,80,25,116.32513529704534,39.972794212612605,0.0,1,0,0,0,HOME,pn,0,2008-06-11 01:15:09,2008-06-11 01:22:16,0,0
112,2008-06-11,01:23:16,01:26:50,3.566666666666667,81,26,116.3310134895084,39.97729871711711,708.3561806898888,0,0,0,1,Pv3,pn,1,2008-06-11 01:23:16,2008-06-11 01:26:50,1,1
112,2008-06-11,16:01:27,16:05:03,3.6,81,26,116.3310134895084,39.97729871711711,708.3561806898888,0,0,0,1,Pv3,home,2,2008-06-11 16:01:27,2008-06-11 16:05:03,1,2
112,2008-06-11,16:06:56,16:15:38,8.7,80,25,116.32513529704534,39.972794212612605,0.0,1,0,0,0,HOME,end,0,2008-06-11 16:06:56,2008-06-11 16:15:38,1,0
112,2008-06-12,01:26:37,01:36:01,9.4,80,25,116.32513529704534,39.972794212612605,0.0,1,0,0,0,HOME,pn,0,2008-06-12 01:26:37,2008-06-12 01:36:01,0,0
112,2008-06-12,01:38:06,01:41:19,3.216666666666667,81,26,116.3310134895084,39.97729871711711,708.3561806898888,0,0,0,1,Pv3,home,1,2008-06-12 01:38:06,2008-06-12 01:41:19,1,1
112,2008-06-12,18:22:01,18:26:30,4.483333333333333,80,25,116.32513529704534,39.972794212612605,0.0,1,0,0,0,HOME,end,0,2008-06-12 18:22:01,2008-06-12 18:26:30,1,0
112,2008-06-13,16:25:47,16:33:19,7.533333333333333,80,25,116.32513529704534,39.972794212612605,0.0,1,0,0,0,HOME,end,0,2008-06-13 16:25:47,2008-06-13 16:33:19,0,0
112,2008-06-14,16:14:35,16:25:12,10.616666666666667,80,25,116.32513529704534,39.972794212612605,0.0,1,0,0,0,HOME,end,0,2008-06-14 16:14:35,2008-06-14 16:25:12,0,0
112,2008-06-15,00:37:09,00:43:30,6.35,80,25,116.32513529704534,39.972794212612605,0.0,1,0,0,0,HOME,pn,0,2008-06-15 00:37:09,2008-06-15 00:43:30,0,0
112,2008-06-15,00:51:13,00:55:01,3.8,81,26,116.3310134895084,39.97729871711711,708.3561806898888,0,0,0,1,Pv3,pv,1,2008-06-15 00:51:13,2008-06-15 00:55:01,1,1
112,2008-06-15,01:01:50,01:04:52,3.033333333333333,86,26,116.36040445182374,39.97729871711711,3046.786250702978,0,0,1,0,Pv89,pn,2,2008-06-15 01:01:50,2008-06-15 01:04:52,1,2
112,2008-06-15,01:21:50,01:26:47,4.95,93,32,116.4015517990652,40.00432574414414,7394.365446523814,0,0,0,1,Pv68,pn,3,2008-06-15 01:21:50,2008-06-15 01:26:47,1,3
112,2008-06-15,01:26:49,01:29:55,3.1,92,32,116.39567360660214,40.00432574414414,6957.505342479096,0,0,0,1,Pv69,pn,4,2008-06-15 01:26:49,2008-06-15 01:29:55,1,4
112,2008-06-15,06:17:39,06:22:36,4.95,92,32,116.39567360660214,40.00432574414414,6957.505342479096,0,0,0,1,Pv69,pn,5,2008-06-15 06:17:39,2008-06-15 06:22:36,1,5
112,2008-06-15,06:22:38,06:29:42,7.066666666666666,93,32,116.4015517990652,40.00432574414414,7394.365446523814,0,0,0,1,Pv68,pn,6,2008-06-15 06:22:38,2008-06-15 06:29:42,1,6
112,2008-06-15,06:52:22,06:58:31,6.15,82,26,116.33689168197148,39.97729871711711,1120.0167217727453,0,0,0,1,Pv8,pn,7,2008-06-15 06:52:22,2008-06-15 06:58:31,1,7
112,2008-06-15,06:58:33,07:01:57,3.4,81,26,116.3310134895084,39.97729871711711,708.3561806898888,0,0,0,1,Pv3,pn,8,2008-06-15 06:58:33,2008-06-15 07:01:57,1,8
112,2008-06-15,15:30:09,15:33:20,3.183333333333333,81,26,116.3310134895084,39.97729871711711,708.3561806898888,0,0,0,1,Pv3,home,9,2008-06-15 15:30:09,2008-06-15 15:33:20,1,9
112,2008-06-15,15:34:08,15:45:42,11.566666666666666,80,25,116.32513529704534,39.972794212612605,0.0,1,0,0,0,HOME,end,0,2008-06-15 15:34:08,2008-06-15 15:45:42,1,0
112,2008-06-16,16:14:39,16:17:45,3.1,81,26,116.3310134895084,39.97729871711711,708.3561806898888,0,0,0,1,Pv3,home,1,2008-06-16 16:14:39,2008-06-16 16:17:45,1,1
112,2008-06-16,16:19:13,16:26:10,6.95,80,25,116.32513529704534,39.972794212612605,0.0,1,0,0,0,HOME,end,0,2008-06-16 16:19:13,2008-06-16 16:26:10,1,0
112,2008-06-17,01:39:11,01:46:55,7.733333333333333,80,25,116.32513529704534,39.972794212612605,0.0,1,0,0,0,HOME,pn,0,2008-06-17 01:39:11,2008-06-17 01:46:55,0,0
112,2008-06-17,01:48:13,01:51:39,3.433333333333333,81,26,116.3310134895084,39.97729871711711,708.3561806898888,0,0,0,1,Pv3,pn,1,2008-06-17 01:48:13,2008-06-17 01:51:39,1,1
112,2008-06-17,15:42:09,15:45:47,3.633333333333333,81,26,116.3310134895084,39.97729871711711,708.3561806898888,0,0,0,1,Pv3,home,2,2008-06-17 15:42:09,2008-06-17 15:45:47,1,2
112,2008-06-17,15:47:12,15:56:39,9.45,80,25,116.32513529704534,39.972794212612605,0.0,1,0,0,0,HOME,end,0,2008-06-17 15:47:12,2008-06-17 15:56:39,1,0
112,2008-06-18,01:21:39,01:29:28,7.816666666666666,80,25,116.32513529704534,39.972794212612605,0.0,1,0,0,0,HOME,pn,0,2008-06-18 01:21:39,2008-06-18 01:29:28,0,0
112,2008-06-18,01:30:37,01:33:45,3.1333333333333333,81,26,116.3310134895084,39.97729871711711,708.3561806898888,0,0,0,1,Pv3,pn,1,2008-06-18 01:30:37,2008-06-18 01:33:45,1,1
112,2008-06-18,12:40:39,12:47:43,7.066666666666666,81,26,116.3310134895084,39.97729871711711,708.3561806898888,0,0,0,1,Pv3,home,2,2008-06-18 12:40:39,2008-06-18 12:47:43,1,2
112,2008-06-18,12:49:12,12:56:04,6.866666666666666,80,25,116.32513529704534,39.972794212612605,0.0,1,0,0,0,HOME,pn,0,2008-06-18 12:49:12,2008-06-18 12:56:04,1,0
112,2008-06-18,12:56:06,13:05:24,9.3,80,24,116.32513529704534,39.9682897081081,500.87804794849535,0,0,0,1,Pv49,pn,3,2008-06-18 12:56:06,2008-06-18 13:05:24,2,1
112,2008-06-18,14:08:23,14:17:54,9.516666666666667,80,24,116.32513529704534,39.9682897081081,500.87804794849535,0,0,0,1,Pv49,home,4,2008-06-18 14:08:23,2008-06-18 14:17:54,2,2
112,2008-06-18,14:17:56,14:32:18,14.366666666666667,80,25,116.32513529704534,39.972794212612605,0.0,1,0,0,0,HOME,end,0,2008-06-18 14:17:56,2008-06-18 14:32:18,2,0
112,2008-06-19,16:12:41,16:20:28,7.783333333333333,80,25,116.32513529704534,39.972794212612605,0.0,1,0,0,0,HOME,home,0,2008-06-19 16:12:41,2008-06-19 16:20:28,0,0
112,2008-06-19,23:02:37,23:13:23,10.766666666666667,80,25,116.32513529704534,39.972794212612605,0.0,1,0,0,0,HOME,end,0,2008-06-19 23:02:37,2008-06-19 23:13:23,0,0
112,2008-06-20,00:56:51,01:23:24,26.55,109,0,116.49560287847429,39.8601816,19187.462221693717,0,0,1,0,Pv90,pv,1,2008-06-20 00:56:51,2008-06-20 01:23:24,1,1
112,2008-06-20,01:23:26,01:27:37,4.183333333333334,109,1,116.49560287847429,39.8646861045045,18864.03347394727,0,0,1,0,Pv91,pv,2,2008-06-20 01:23:26,2008-06-20 01:27:37,1,2
112,2008-06-20,01:27:39,02:25:40,58.016666666666666,108,1,116.4897246860112,39.8646861045045,18480.462922803534,0,0,1,0,Pv92,pv,3,2008-06-20 01:27:39,2008-06-20 02:25:40,1,3
112,2008-06-20,02:26:06,02:42:44,16.633333333333333,107,1,116.48384649354814,39.8646861045045,18102.648023071208,0,0,1,0,Pv93,pn,4,2008-06-20 02:26:06,2008-06-20 02:42:44,1,4
112,2008-06-20,02:42:46,05:25:35,162.81666666666666,108,1,116.4897246860112,39.8646861045045,18480.462922803534,0,0,0,1,Pv92,pv,5,2008-06-20 02:42:46,2008-06-20 05:25:35,1,5
112,2008-06-20,05:52:12,06:28:05,35.88333333333333,108,2,116.4897246860112,39.869190609009,18158.283513981925,0,0,1,0,Pv94,pn,6,2008-06-20 05:52:12,2008-06-20 06:28:05,1,6
112,2008-06-20,06:42:54,07:31:18,48.4,108,2,116.4897246860112,39.869190609009,18158.283513981925,0,0,0,1,Pv94,pn,7,2008-06-20 06:42:54,2008-06-20 07:31:18,1,7
112,2008-06-20,07:31:28,07:59:28,28.0,108,2,116.4897246860112,39.869190609009,18158.283513981925,0,0,0,1,Pv94,pn,8,2008-06-20 07:31:28,2008-06-20 07:59:28,1,8
112,2008-06-20,08:02:02,08:23:01,20.98333333333333,107,1,116.48384649354814,39.8646861045045,18102.648023071208,0,0,0,1,Pv93,pn,9,2008-06-20 08:02:02,2008-06-20 08:23:01,1,9
112,2008-06-20,08:25:49,08:53:38,27.816666666666663,107,1,116.48384649354814,39.8646861045045,18102.648023071208,0,0,0,1,Pv93,pn,10,2008-06-20 08:25:49,2008-06-20 08:53:38,1,10
112,2008-06-20,09:08:21,09:13:41,5.333333333333333,107,1,116.48384649354814,39.8646861045045,18102.648023071208,0,0,0,1,Pv93,pn,11,2008-06-20 09:08:21,2008-06-20 09:13:41,1,11
112,2008-06-20,09:15:26,09:20:46,5.333333333333333,108,2,116.4897246860112,39.869190609009,18158.283513981925,0,0,0,1,Pv94,pn,12,2008-06-20 09:15:26,2008-06-20 09:20:46,1,12
112,2008-06-20,09:20:48,09:38:55,18.116666666666667,108,1,116.4897246860112,39.8646861045045,18480.462922803534,0,0,0,1,Pv92,pn,13,2008-06-20 09:20:48,2008-06-20 09:38:55,1,13
112,2008-06-20,09:40:09,10:09:17,29.133333333333333,108,1,116.4897246860112,39.8646861045045,18480.462922803534,0,0,0,1,Pv92,pn,14,2008-06-20 09:40:09,2008-06-20 10:09:17,1,14
112,2008-06-20,10:12:51,10:19:44,6.883333333333334,109,1,116.49560287847429,39.8646861045045,18864.03347394727,0,0,0,1,Pv91,pn,15,2008-06-20 10:12:51,2008-06-20 10:19:44,1,15
112,2008-06-20,11:15:48,11:27:51,12.05,81,26,116.3310134895084,39.97729871711711,708.3561806898888,0,0,0,1,Pv3,pn,16,2008-06-20 11:15:48,2008-06-20 11:27:51,1,16
112,2008-06-20,12:28:45,12:34:51,6.1,81,26,116.3310134895084,39.97729871711711,708.3561806898888,0,0,0,1,Pv3,pn,17,2008-06-20 12:28:45,2008-06-20 12:34:51,1,17
112,2008-06-20,12:36:47,12:42:46,5.983333333333333,81,25,116.3310134895084,39.972794212612605,500.9053766156208,0,0,0,1,Pv2,home,18,2008-06-20 12:36:47,2008-06-20 12:42:46,1,18
112,2008-06-20,12:43:22,12:47:56,4.566666666666666,80,25,116.32513529704534,39.972794212612605,0.0,1,0,0,0,HOME,home,0,2008-06-20 12:43:22,2008-06-20 12:47:56,1,0
112,2008-06-20,13:21:20,13:25:47,4.45,80,25,116.32513529704534,39.972794212612605,0.0,1,0,0,0,HOME,end,0,2008-06-20 13:21:20,2008-06-20 13:25:47,1,0
112,2008-06-21,01:38:32,01:43:33,5.016666666666667,80,25,116.32513529704534,39.972794212612605,0.0,1,0,0,0,HOME,pn,0,2008-06-21 01:38:32,2008-06-21 01:43:33,0,0
112,2008-06-21,01:44:26,01:47:56,3.5,81,26,116.3310134895084,39.97729871711711,708.3561806898888,0,0,0,1,Pv3,pn,1,2008-06-21 01:44:26,2008-06-21 01:47:56,1,1
112,2008-06-21,16:22:39,16:25:52,3.216666666666667,81,26,116.3310134895084,39.97729871711711,708.3561806898888,0,0,0,1,Pv3,home,2,2008-06-21 16:22:39,2008-06-21 16:25:52,1,2
112,2008-06-21,16:26:46,16:34:40,7.9,80,25,116.32513529704534,39.972794212612605,0.0,1,0,0,0,HOME,end,0,2008-06-21 16:26:46,2008-06-21 16:34:40,1,0
112,2008-06-22,00:54:22,01:00:23,6.016666666666667,81,26,116.3310134895084,39.97729871711711,708.3561806898888,0,0,0,1,Pv3,pn,1,2008-06-22 00:54:22,2008-06-22 01:00:23,1,1
112,2008-06-22,01:29:24,01:32:55,3.5166666666666666,93,32,116.4015517990652,40.00432574414414,7394.365446523814,0,0,0,1,Pv68,pn,2,2008-06-22 01:29:24,2008-06-22 01:32:55,1,2
112,2008-06-22,01:33:07,01:37:48,4.683333333333334,92,32,116.39567360660214,40.00432574414414,6957.505342479096,0,0,0,1,Pv69,pn,3,2008-06-22 01:33:07,2008-06-22 01:37:48,1,3
112,2008-06-22,04:01:07,04:05:08,4.016666666666667,92,32,116.39567360660214,40.00432574414414,6957.505342479096,0,0,0,1,Pv69,pn,4,2008-06-22 04:01:07,2008-06-22 04:05:08,1,4
112,2008-06-22,04:05:10,04:08:13,3.05,93,32,116.4015517990652,40.00432574414414,7394.365446523814,0,0,0,1,Pv68,pn,5,2008-06-22 04:05:10,2008-06-22 04:08:13,1,5
112,2008-06-22,04:42:43,04:47:17,4.566666666666666,82,26,116.33689168197148,39.97729871711711,1120.0167217727453,0,0,0,1,Pv8,pn,6,2008-06-22 04:42:43,2008-06-22 04:47:17,1,6
112,2008-06-22,05:03:11,05:07:18,4.116666666666666,82,26,116.33689168197148,39.97729871711711,1120.0167217727453,0,0,0,1,Pv8,pn,7,2008-06-22 05:03:11,2008-06-22 05:07:18,1,7
112,2008-06-22,05:07:38,05:11:04,3.433333333333333,81,26,116.3310134895084,39.97729871711711,708.3561806898888,0,0,0,1,Pv3,home,8,2008-06-22 05:07:38,2008-06-22 05:11:04,1,8
112,2008-06-22,06:47:28,07:06:52,19.4,80,25,116.32513529704534,39.972794212612605,0.0,1,0,0,0,HOME,home,0,2008-06-22 06:47:28,2008-06-22 07:06:52,1,0
112,2008-06-22,07:42:42,08:04:48,22.1,80,25,116.32513529704534,39.972794212612605,0.0,1,0,0,0,HOME,end,0,2008-06-22 07:42:42,2008-06-22 08:04:48,1,0
112,2008-06-23,15:55:25,16:09:35,14.166666666666666,80,25,116.32513529704534,39.972794212612605,0.0,1,0,0,0,HOME,end,0,2008-06-23 15:55:25,2008-06-23 16:09:35,0,0
112,2008-06-24,15:45:51,15:52:23,6.533333333333333,80,25,116.32513529704534,39.972794212612605,0.0,1,0,0,0,HOME,end,0,2008-06-24 15:45:51,2008-06-24 15:52:23,0,0
112,2008-06-25,01:25:34,01:29:19,3.75,81,26,116.3310134895084,39.97729871711711,708.3561806898888,0,0,0,1,Pv3,home,1,2008-06-25 01:25:34,2008-06-25 01:29:19,1,1
112,2008-06-25,17:30:04,17:37:30,7.433333333333334,80,25,116.32513529704534,39.972794212612605,0.0,1,0,0,0,HOME,end,0,2008-06-25 17:30:04,2008-06-25 17:37:30,1,0
112,2008-06-26,03:22:17,03:26:08,3.85,81,26,116.3310134895084,39.97729871711711,708.3561806898888,0,0,0,1,Pv3,pn,1,2008-06-26 03:22:17,2008-06-26 03:26:08,1,1
112,2008-06-26,16:56:15,16:59:21,3.1,81,26,116.3310134895084,39.97729871711711,708.3561806898888,0,0,0,1,Pv3,home,2,2008-06-26 16:56:15,2008-06-26 16:59:21,1,2
112,2008-06-26,16:59:57,17:07:34,7.616666666666666,80,25,116.32513529704534,39.972794212612605,0.0,1,0,0,0,HOME,end,0,2008-06-26 16:59:57,2008-06-26 17:07:34,1,0
112,2008-06-27,10:44:43,10:50:12,5.483333333333333,80,26,116.32513529704534,39.97729871711711,500.87804794849535,0,0,0,1,Pv24,pn,1,2008-06-27 10:44:43,2008-06-27 10:50:12,1,1
112,2008-06-27,10:52:34,11:00:03,7.483333333333333,80,26,116.32513529704534,39.97729871711711,500.87804794849535,0,0,0,1,Pv24,pn,2,2008-06-27 10:52:34,2008-06-27 11:00:03,1,2
112,2008-06-27,11:02:36,11:06:28,3.8666666666666663,80,24,116.32513529704534,39.9682897081081,500.87804794849535,0,0,0,1,Pv49,pv,3,2008-06-27 11:02:36,2008-06-27 11:06:28,1,3
112,2008-06-27,11:12:07,11:30:28,18.35,81,20,116.3310134895084,39.95027169009008,2554.008483995206,0,0,1,0,Pv95,pv,4,2008-06-27 11:12:07,2008-06-27 11:30:28,1,4
112,2008-06-27,11:30:30,11:35:45,5.25,81,21,116.3310134895084,39.95477619459459,2065.195737629015,0,0,1,0,Pv96,pn,5,2008-06-27 11:30:30,2008-06-27 11:35:45,1,5
112,2008-06-27,11:43:33,11:52:58,9.416666666666666,81,26,116.3310134895084,39.97729871711711,708.3561806898888,0,0,0,1,Pv3,end,6,2008-06-27 11:43:33,2008-06-27 11:52:58,1,6
112,2008-06-28,02:01:50,02:35:23,33.55,80,25,116.32513529704534,39.972794212612605,0.0,1,0,0,0,HOME,pn,0,2008-06-28 02:01:50,2008-06-28 02:35:23,0,0
112,2008-06-28,10:08:46,10:16:22,7.6,81,29,116.3310134895084,39.990812230630624,2065.1637094225807,0,0,0,1,Pv29,pn,1,2008-06-28 10:08:46,2008-06-28 10:16:22,1,1
112,2008-06-28,10:18:52,10:23:37,4.75,81,30,116.3310134895084,39.99531673513513,2553.9761111477173,0,0,0,1,Pv52,pv,2,2008-06-28 10:18:52,2008-06-28 10:23:37,1,2
112,2008-06-28,13:38:00,13:41:13,3.216666666666667,82,29,116.33689168197148,39.990812230630624,2239.960106291419,0,0,1,0,Pv97,pn,3,2008-06-28 13:38:00,2008-06-28 13:41:13,1,3
112,2008-06-28,13:41:21,13:56:26,15.083333333333334,81,29,116.3310134895084,39.990812230630624,2065.1637094225807,0,0,0,1,Pv29,pn,4,2008-06-28 13:41:21,2008-06-28 13:56:26,1,4
112,2008-06-28,14:01:38,14:12:27,10.816666666666666,81,26,116.3310134895084,39.97729871711711,708.3561806898888,0,0,0,1,Pv3,home,5,2008-06-28 14:01:38,2008-06-28 14:12:27,1,5
112,2008-06-28,16:56:00,17:01:14,5.233333333333333,80,25,116.32513529704534,39.972794212612605,0.0,1,0,0,0,HOME,end,0,2008-06-28 16:56:00,2008-06-28 17:01:14,1,0
112,2008-06-29,00:56:17,01:03:01,6.733333333333333,81,26,116.3310134895084,39.97729871711711,708.3561806898888,0,0,0,1,Pv3,pv,1,2008-06-29 00:56:17,2008-06-29 01:03:01,1,1
112,2008-06-29,01:29:45,01:35:25,5.666666666666667,93,30,116.4015517990652,39.99531673513513,6975.753720409205,0,0,1,0,Pv98,pv,2,2008-06-29 01:29:45,2008-06-29 01:35:25,1,2
112,2008-06-29,01:37:57,01:45:57,8.0,94,31,116.40742999152828,39.99982123963964,7628.22381056523,0,0,1,0,Pv99,pn,3,2008-06-29 01:37:57,2008-06-29 01:45:57,1,3
112,2008-06-29,04:35:56,04:40:55,4.983333333333333,93,30,116.4015517990652,39.99531673513513,6975.753720409205,0,0,0,1,Pv98,pn,4,2008-06-29 04:35:56,2008-06-29 04:40:55,1,4
112,2008-06-29,04:58:35,05:03:43,5.133333333333334,82,26,116.33689168197148,39.97729871711711,1120.0167217727453,0,0,0,1,Pv8,pn,5,2008-06-29 04:58:35,2008-06-29 05:03:43,1,5
112,2008-06-29,05:04:19,05:08:00,3.683333333333333,81,26,116.3310134895084,39.97729871711711,708.3561806898888,0,0,0,1,Pv3,home,6,2008-06-29 05:04:19,2008-06-29 05:08:00,1,6
112,2008-06-29,17:02:34,17:10:36,8.033333333333333,80,25,116.32513529704534,39.972794212612605,0.0,1,0,0,0,HOME,end,0,2008-06-29 17:02:34,2008-06-29 17:10:36,1,0
112,2008-06-30,01:58:03,02:01:49,3.7666666666666666,80,25,116.32513529704534,39.972794212612605,0.0,1,0,0,0,HOME,pn,0,2008-06-30 01:58:03,2008-06-30 02:01:49,0,0
112,2008-06-30,16:07:16,16:10:42,3.433333333333333,81,26,116.3310134895084,39.97729871711711,708.3561806898888,0,0,0,1,Pv3,home,1,2008-06-30 16:07:16,2008-06-30 16:10:42,1,1
112,2008-06-30,16:12:11,16:20:46,8.583333333333334,80,25,116.32513529704534,39.972794212612605,0.0,1,0,0,0,HOME,end,0,2008-06-30 16:12:11,2008-06-30 16:20:46,1,0
112,2008-07-01,05:30:30,05:37:43,7.216666666666667,80,26,116.32513529704534,39.97729871711711,500.87804794849535,0,0,0,1,Pv24,home,1,2008-07-01 05:30:30,2008-07-01 05:37:43,1,1
112,2008-07-01,05:37:45,05:45:01,7.266666666666667,80,25,116.32513529704534,39.972794212612605,0.0,1,0,0,0,HOME,pn,0,2008-07-01 05:37:45,2008-07-01 05:45:01,1,0
112,2008-07-01,05:48:57,05:52:28,3.5166666666666666,78,25,116.3133789121192,39.972794212612605,1001.810752689432,0,0,0,1,Pv67,pn,2,2008-07-01 05:48:57,2008-07-01 05:52:28,2,1
112,2008-07-01,05:53:09,05:57:59,4.833333333333333,78,24,116.3133789121192,39.9682897081081,1120.075776479273,0,0,0,1,Pv61,pv,3,2008-07-01 05:53:09,2008-07-01 05:57:59,2,2
112,2008-07-01,05:58:01,06:04:52,6.85,78,23,116.3133789121192,39.9637852036036,1416.7823896433747,0,0,1,0,Pv100,pv,4,2008-07-01 05:58:01,2008-07-01 06:04:52,2,3
112,2008-07-01,06:07:02,06:18:53,11.85,79,22,116.31925710458228,39.9592806990991,1583.9397620869306,0,0,1,0,Pv101,pn,5,2008-07-01 06:07:02,2008-07-01 06:18:53,2,4
112,2008-07-01,06:21:24,06:47:52,26.466666666666665,78,23,116.3133789121192,39.9637852036036,1416.7823896433747,0,0,0,1,Pv100,pv,6,2008-07-01 06:21:24,2008-07-01 06:47:52,2,5
112,2008-07-01,07:25:40,07:33:26,7.766666666666667,128,43,116.60728853527256,40.053875293693686,25664.87803529013,0,0,1,0,Pv102,pv,7,2008-07-01 07:25:40,2008-07-01 07:33:26,2,6
112,2008-07-01,07:55:51,08:02:24,6.55,129,43,116.61316672773562,40.053875293693686,26134.17180708155,0,0,1,0,Pv103,pv,8,2008-07-01 07:55:51,2008-07-01 08:02:24,2,7
112,2008-07-01,08:02:27,08:12:53,10.433333333333334,129,42,116.61316672773562,40.04937078918918,25966.399900119068,0,0,1,0,Pv104,pv,9,2008-07-01 08:02:27,2008-07-01 08:12:53,2,8
112,2008-07-01,08:12:55,08:19:25,6.5,129,41,116.61316672773562,40.04486628468468,25807.259960314663,0,0,1,0,Pv105,pv,10,2008-07-01 08:12:55,2008-07-01 08:19:25,2,9
112,2008-07-01,08:21:43,08:27:11,5.466666666666667,128,42,116.60728853527256,40.04937078918918,25493.986478166786,0,0,1,0,Pv106,pn,11,2008-07-01 08:21:43,2008-07-01 08:27:11,2,10
112,2008-07-01,11:29:11,12:15:21,46.16666666666666,128,43,116.60728853527256,40.053875293693686,25664.87803529013,0,0,0,1,Pv102,pn,12,2008-07-01 11:29:11,2008-07-01 12:15:21,2,11
112,2008-07-01,13:11:19,13:14:22,3.05,78,23,116.3133789121192,39.9637852036036,1416.7823896433747,0,0,0,1,Pv100,pn,13,2008-07-01 13:11:19,2008-07-01 13:14:22,2,12
112,2008-07-01,13:19:29,13:23:58,4.483333333333333,81,26,116.3310134895084,39.97729871711711,708.3561806898888,0,0,0,1,Pv3,home,14,2008-07-01 13:19:29,2008-07-01 13:23:58,2,13
112,2008-07-01,19:51:15,19:58:35,7.333333333333333,80,25,116.32513529704534,39.972794212612605,0.0,1,0,0,0,HOME,end,0,2008-07-01 19:51:15,2008-07-01 19:58:35,2,0
112,2008-07-02,02:03:09,02:11:10,8.016666666666667,80,25,116.32513529704534,39.972794212612605,0.0,1,0,0,0,HOME,pn,0,2008-07-02 02:03:09,2008-07-02 02:11:10,0,0
112,2008-07-02,02:13:56,02:17:23,3.45,81,26,116.3310134895084,39.97729871711711,708.3561806898888,0,0,0,1,Pv3,pn,1,2008-07-02 02:13:56,2008-07-02 02:17:23,1,1
112,2008-07-02,16:13:09,16:16:46,3.6166666666666663,81,26,116.3310134895084,39.97729871711711,708.3561806898888,0,0,0,1,Pv3,home,2,2008-07-02 16:13:09,2008-07-02 16:16:46,1,2
112,2008-07-02,16:17:42,16:28:23,10.683333333333334,80,25,116.32513529704534,39.972794212612605,0.0,1,0,0,0,HOME,end,0,2008-07-02 16:17:42,2008-07-02 16:28:23,1,0
112,2008-07-03,01:56:04,02:04:16,8.2,80,25,116.32513529704534,39.972794212612605,0.0,1,0,0,0,HOME,pn,0,2008-07-03 01:56:04,2008-07-03 02:04:16,0,0
112,2008-07-03,02:05:10,02:08:53,3.716666666666667,81,26,116.3310134895084,39.97729871711711,708.3561806898888,0,0,0,1,Pv3,pn,1,2008-07-03 02:05:10,2008-07-03 02:08:53,1,1
112,2008-07-03,15:30:03,15:33:20,3.283333333333333,81,26,116.3310134895084,39.97729871711711,708.3561806898888,0,0,0,1,Pv3,home,2,2008-07-03 15:30:03,2008-07-03 15:33:20,1,2
112,2008-07-03,15:34:16,15:42:15,7.983333333333333,80,25,116.32513529704534,39.972794212612605,0.0,1,0,0,0,HOME,end,0,2008-07-03 15:34:16,2008-07-03 15:42:15,1,0
112,2008-07-04,02:10:11,02:17:24,7.216666666666667,80,25,116.32513529704534,39.972794212612605,0.0,1,0,0,0,HOME,home,0,2008-07-04 02:10:11,2008-07-04 02:17:24,0,0
112,2008-07-04,17:18:53,17:27:09,8.266666666666667,80,25,116.32513529704534,39.972794212612605,0.0,1,0,0,0,HOME,end,0,2008-07-04 17:18:53,2008-07-04 17:27:09,0,0
112,2008-07-05,05:41:03,05:47:29,6.433333333333334,81,25,116.3310134895084,39.972794212612605,500.9053766156208,0,0,0,1,Pv2,pn,1,2008-07-05 05:41:03,2008-07-05 05:47:29,1,1
112,2008-07-05,06:52:28,06:55:37,3.15,81,25,116.3310134895084,39.972794212612605,500.9053766156208,0,0,0,1,Pv2,pn,2,2008-07-05 06:52:28,2008-07-05 06:55:37,1,2
112,2008-07-05,06:55:39,06:59:30,3.85,81,26,116.3310134895084,39.97729871711711,708.3561806898888,0,0,0,1,Pv3,home,3,2008-07-05 06:55:39,2008-07-05 06:59:30,1,3
112,2008-07-05,16:55:18,16:59:51,4.55,80,25,116.32513529704534,39.972794212612605,0.0,1,0,0,0,HOME,end,0,2008-07-05 16:55:18,2008-07-05 16:59:51,1,0
112,2008-07-06,08:32:00,08:35:11,3.183333333333333,95,30,116.41330818399136,39.99531673513513,7918.791205658665,0,0,1,0,Pv107,pn,1,2008-07-06 08:32:00,2008-07-06 08:35:11,1,1
112,2008-07-06,11:14:12,11:18:15,4.05,95,30,116.41330818399136,39.99531673513513,7918.791205658665,0,0,0,1,Pv107,pn,2,2008-07-06 11:14:12,2008-07-06 11:18:15,1,2
112,2008-07-06,11:22:25,11:29:33,7.133333333333334,94,31,116.40742999152828,39.99982123963964,7628.22381056523,0,0,0,1,Pv99,pv,3,2008-07-06 11:22:25,2008-07-06 11:29:33,1,3
112,2008-07-06,11:29:35,11:36:35,7.0,93,31,116.4015517990652,39.99982123963964,7170.635357534524,0,0,1,0,Pv108,pn,4,2008-07-06 11:29:35,2008-07-06 11:36:35,1,4
112,2008-07-06,11:36:37,11:40:01,3.4,93,30,116.4015517990652,39.99531673513513,6975.753720409205,0,0,0,1,Pv98,pn,5,2008-07-06 11:36:37,2008-07-06 11:40:01,1,5
112,2008-07-06,11:58:55,12:10:35,11.666666666666666,93,30,116.4015517990652,39.99531673513513,6975.753720409205,0,0,0,1,Pv98,home,6,2008-07-06 11:58:55,2008-07-06 12:10:35,1,6
112,2008-07-06,17:38:25,17:46:04,7.65,80,25,116.32513529704534,39.972794212612605,0.0,1,0,0,0,HOME,end,0,2008-07-06 17:38:25,2008-07-06 17:46:04,1,0
112,2008-07-07,02:24:37,02:33:06,8.483333333333333,80,25,116.32513529704534,39.972794212612605,0.0,1,0,0,0,HOME,pn,0,2008-07-07 02:24:37,2008-07-07 02:33:06,0,0
112,2008-07-07,02:33:30,02:36:58,3.466666666666667,81,26,116.3310134895084,39.97729871711711,708.3561806898888,0,0,0,1,Pv3,home,1,2008-07-07 02:33:30,2008-07-07 02:36:58,1,1
112,2008-07-07,16:24:54,16:32:29,7.583333333333333,80,25,116.32513529704534,39.972794212612605,0.0,1,0,0,0,HOME,end,0,2008-07-07 16:24:54,2008-07-07 16:32:29,1,0
112,2008-07-08,16:22:48,16:32:01,9.216666666666669,80,25,116.32513529704534,39.972794212612605,0.0,1,0,0,0,HOME,end,0,2008-07-08 16:22:48,2008-07-08 16:32:01,0,0
112,2008-07-09,01:26:39,01:35:14,8.583333333333334,80,25,116.32513529704534,39.972794212612605,0.0,1,0,0,0,HOME,home,0,2008-07-09 01:26:39,2008-07-09 01:35:14,0,0
112,2008-07-09,17:17:01,17:26:25,9.4,80,25,116.32513529704534,39.972794212612605,0.0,1,0,0,0,HOME,end,0,2008-07-09 17:17:01,2008-07-09 17:26:25,0,0
112,2008-07-10,02:29:32,02:34:14,4.7,80,25,116.32513529704534,39.972794212612605,0.0,1,0,0,0,HOME,pn,0,2008-07-10 02:29:32,2008-07-10 02:34:14,0,0
112,2008-07-10,02:37:51,02:40:58,3.1166666666666667,81,26,116.3310134895084,39.97729871711711,708.3561806898888,0,0,0,1,Pv3,home,1,2008-07-10 02:37:51,2008-07-10 02:40:58,1,1
112,2008-07-10,09:55:06,10:17:41,22.58333333333333,80,25,116.32513529704534,39.972794212612605,0.0,1,0,0,0,HOME,pn,0,2008-07-10 09:55:06,2008-07-10 10:17:41,1,0
112,2008-07-10,10:17:43,10:21:59,4.266666666666667,79,25,116.31925710458228,39.972794212612605,500.9053766156208,0,0,0,1,Pv66,pn,2,2008-07-10 10:17:43,2008-07-10 10:21:59,2,1
112,2008-07-10,11:49:09,11:52:41,3.533333333333333,78,24,116.3133789121192,39.9682897081081,1120.075776479273,0,0,0,1,Pv61,pn,3,2008-07-10 11:49:09,2008-07-10 11:52:41,2,2
112,2008-07-10,11:54:23,12:03:35,9.2,78,24,116.3133789121192,39.9682897081081,1120.075776479273,0,0,0,1,Pv61,pn,4,2008-07-10 11:54:23,2008-07-10 12:03:35,2,3
112,2008-07-10,12:03:37,12:11:54,8.283333333333333,77,24,116.30750071965616,39.9682897081081,1584.0402137063843,0,0,0,1,Pv60,pn,5,2008-07-10 12:03:37,2008-07-10 12:11:54,2,4
112,2008-07-10,12:15:09,12:36:47,21.633333333333333,77,24,116.30750071965616,39.9682897081081,1584.0402137063843,0,0,0,1,Pv60,pn,6,2008-07-10 12:15:09,2008-07-10 12:36:47,2,5
112,2008-07-10,14:48:07,14:52:43,4.6,77,24,116.30750071965616,39.9682897081081,1584.0402137063843,0,0,0,1,Pv60,pn,7,2008-07-10 14:48:07,2008-07-10 14:52:43,2,6
112,2008-07-10,14:52:45,14:59:12,6.45,78,24,116.3133789121192,39.9682897081081,1120.075776479273,0,0,0,1,Pv61,pn,8,2008-07-10 14:52:45,2008-07-10 14:59:12,2,7
112,2008-07-10,14:59:14,15:04:08,4.9,78,25,116.3133789121192,39.972794212612605,1001.810752689432,0,0,0,1,Pv67,pn,9,2008-07-10 14:59:14,2008-07-10 15:04:08,2,8
112,2008-07-10,15:07:44,15:11:07,3.3833333333333333,80,26,116.32513529704534,39.97729871711711,500.87804794849535,0,0,0,1,Pv24,end,10,2008-07-10 15:07:44,2008-07-10 15:11:07,2,9
112,2008-07-11,02:03:11,02:10:41,7.5,80,25,116.32513529704534,39.972794212612605,0.0,1,0,0,0,HOME,pn,0,2008-07-11 02:03:11,2008-07-11 02:10:41,0,0
112,2008-07-11,02:13:39,02:17:04,3.4166666666666665,81,26,116.3310134895084,39.97729871711711,708.3561806898888,0,0,0,1,Pv3,end,1,2008-07-11 02:13:39,2008-07-11 02:17:04,1,1
112,2008-07-13,00:41:26,00:47:49,6.383333333333334,80,25,116.32513529704534,39.972794212612605,0.0,1,0,0,0,HOME,pn,0,2008-07-13 00:41:26,2008-07-13 00:47:49,0,0
112,2008-07-13,00:50:07,00:54:50,4.716666666666667,81,26,116.3310134895084,39.97729871711711,708.3561806898888,0,0,0,1,Pv3,pn,1,2008-07-13 00:50:07,2008-07-13 00:54:50,1,1
112,2008-07-13,01:21:05,01:25:55,4.833333333333333,93,30,116.4015517990652,39.99531673513513,6975.753720409205,0,0,0,1,Pv98,pn,2,2008-07-13 01:21:05,2008-07-13 01:25:55,1,2
112,2008-07-13,01:28:21,01:33:23,5.033333333333333,94,31,116.40742999152828,39.99982123963964,7628.22381056523,0,0,0,1,Pv99,pn,3,2008-07-13 01:28:21,2008-07-13 01:33:23,1,3
112,2008-07-13,06:45:56,07:02:29,16.55,93,30,116.4015517990652,39.99531673513513,6975.753720409205,0,0,0,1,Pv98,pn,4,2008-07-13 06:45:56,2008-07-13 07:02:29,1,4
112,2008-07-13,07:25:38,07:31:21,5.716666666666667,82,26,116.33689168197148,39.97729871711711,1120.0167217727453,0,0,0,1,Pv8,pn,5,2008-07-13 07:25:38,2008-07-13 07:31:21,1,5
112,2008-07-13,07:31:23,07:34:40,3.283333333333333,81,26,116.3310134895084,39.97729871711711,708.3561806898888,0,0,0,1,Pv3,pn,6,2008-07-13 07:31:23,2008-07-13 07:34:40,1,6
112,2008-07-13,09:38:07,09:41:47,3.6666666666666665,81,26,116.3310134895084,39.97729871711711,708.3561806898888,0,0,0,1,Pv3,pn,7,2008-07-13 09:38:07,2008-07-13 09:41:47,1,7
112,2008-07-13,09:47:05,10:24:55,37.833333333333336,80,27,116.32513529704534,39.98180322162162,1001.756095897698,0,0,0,1,Pv5,pn,8,2008-07-13 09:47:05,2008-07-13 10:24:55,1,8
112,2008-07-13,10:27:48,10:33:47,5.983333333333333,80,26,116.32513529704534,39.97729871711711,500.87804794849535,0,0,0,1,Pv24,pn,9,2008-07-13 10:27:48,2008-07-13 10:33:47,1,9
112,2008-07-13,10:33:49,10:38:34,4.75,81,26,116.3310134895084,39.97729871711711,708.3561806898888,0,0,0,1,Pv3,pn,10,2008-07-13 10:33:49,2008-07-13 10:38:34,1,10
112,2008-07-13,16:28:46,16:32:04,3.3,81,26,116.3310134895084,39.97729871711711,708.3561806898888,0,0,0,1,Pv3,home,11,2008-07-13 16:28:46,2008-07-13 16:32:04,1,11
112,2008-07-13,16:33:22,16:42:55,9.55,80,25,116.32513529704534,39.972794212612605,0.0,1,0,0,0,HOME,end,0,2008-07-13 16:33:22,2008-07-13 16:42:55,1,0
112,2008-07-14,02:06:56,02:10:16,3.333333333333333,81,26,116.3310134895084,39.97729871711711,708.3561806898888,0,0,0,1,Pv3,end,1,2008-07-14 02:06:56,2008-07-14 02:10:16,1,1
112,2008-07-15,13:02:28,13:06:55,4.45,81,26,116.3310134895084,39.97729871711711,708.3561806898888,0,0,0,1,Pv3,home,1,2008-07-15 13:02:28,2008-07-15 13:06:55,1,1
112,2008-07-15,13:08:46,13:17:59,9.216666666666669,80,25,116.32513529704534,39.972794212612605,0.0,1,0,0,0,HOME,home,0,2008-07-15 13:08:46,2008-07-15 13:17:59,1,0
112,2008-07-15,14:19:29,14:27:16,7.783333333333333,80,25,116.32513529704534,39.972794212612605,0.0,1,0,0,0,HOME,pn,0,2008-07-15 14:19:29,2008-07-15 14:27:16,1,0
112,2008-07-15,14:28:42,14:35:48,7.1,81,24,116.3310134895084,39.9682897081081,708.3795244943353,0,0,0,1,Pv1,pn,2,2008-07-15 14:28:42,2008-07-15 14:35:48,2,1
112,2008-07-15,14:35:50,14:41:31,5.683333333333334,81,25,116.3310134895084,39.972794212612605,500.9053766156208,0,0,0,1,Pv2,pn,3,2008-07-15 14:35:50,2008-07-15 14:41:31,2,2
112,2008-07-15,14:41:33,14:46:48,5.25,81,26,116.3310134895084,39.97729871711711,708.3561806898888,0,0,0,1,Pv3,home,4,2008-07-15 14:41:33,2008-07-15 14:46:48,2,3
112,2008-07-15,17:01:53,17:10:23,8.5,80,25,116.32513529704534,39.972794212612605,0.0,1,0,0,0,HOME,end,0,2008-07-15 17:01:53,2008-07-15 17:10:23,2,0
112,2008-07-16,02:18:37,02:29:31,10.9,81,24,116.3310134895084,39.9682897081081,708.3795244943353,0,0,0,1,Pv1,pn,1,2008-07-16 02:18:37,2008-07-16 02:29:31,1,1
112,2008-07-16,02:29:33,02:36:36,7.05,81,25,116.3310134895084,39.972794212612605,500.9053766156208,0,0,0,1,Pv2,pn,2,2008-07-16 02:29:33,2008-07-16 02:36:36,1,2
112,2008-07-16,11:15:34,11:24:46,9.2,82,26,116.33689168197148,39.97729871711711,1120.0167217727453,0,0,0,1,Pv8,pn,3,2008-07-16 11:15:34,2008-07-16 11:24:46,1,3
112,2008-07-16,11:26:30,11:29:59,3.4833333333333334,81,26,116.3310134895084,39.97729871711711,708.3561806898888,0,0,0,1,Pv3,pn,4,2008-07-16 11:26:30,2008-07-16 11:29:59,1,4
112,2008-07-16,13:54:28,14:11:54,17.433333333333334,81,26,116.3310134895084,39.97729871711711,708.3561806898888,0,0,0,1,Pv3,home,5,2008-07-16 13:54:28,2008-07-16 14:11:54,1,5
112,2008-07-16,15:46:59,15:53:54,6.916666666666667,80,25,116.32513529704534,39.972794212612605,0.0,1,0,0,0,HOME,pn,0,2008-07-16 15:46:59,2008-07-16 15:53:54,1,0
112,2008-07-16,15:53:56,15:57:07,3.183333333333333,80,24,116.32513529704534,39.9682897081081,500.87804794849535,0,0,0,1,Pv49,pn,6,2008-07-16 15:53:56,2008-07-16 15:57:07,2,1
112,2008-07-16,15:57:13,16:06:48,9.583333333333334,80,24,116.32513529704534,39.9682897081081,500.87804794849535,0,0,0,1,Pv49,home,7,2008-07-16 15:57:13,2008-07-16 16:06:48,2,2
112,2008-07-16,16:06:50,16:14:31,7.683333333333334,80,25,116.32513529704534,39.972794212612605,0.0,1,0,0,0,HOME,end,0,2008-07-16 16:06:50,2008-07-16 16:14:31,2,0
112,2008-07-17,01:20:48,01:28:30,7.7,80,25,116.32513529704534,39.972794212612605,0.0,1,0,0,0,HOME,pn,0,2008-07-17 01:20:48,2008-07-17 01:28:30,0,0
112,2008-07-17,01:30:30,01:34:07,3.6166666666666663,81,26,116.3310134895084,39.97729871711711,708.3561806898888,0,0,0,1,Pv3,pn,1,2008-07-17 01:30:30,2008-07-17 01:34:07,1,1
112,2008-07-17,15:28:56,15:33:01,4.083333333333333,80,27,116.32513529704534,39.98180322162162,1001.756095897698,0,0,0,1,Pv5,pn,2,2008-07-17 15:28:56,2008-07-17 15:33:01,1,2
112,2008-07-17,15:41:57,15:52:24,10.45,80,27,116.32513529704534,39.98180322162162,1001.756095897698,0,0,0,1,Pv5,pn,3,2008-07-17 15:41:57,2008-07-17 15:52:24,1,3
112,2008-07-17,16:07:51,16:12:24,4.55,80,27,116.32513529704534,39.98180322162162,1001.756095897698,0,0,0,1,Pv5,pn,4,2008-07-17 16:07:51,2008-07-17 16:12:24,1,4
112,2008-07-17,16:12:26,16:17:15,4.816666666666666,80,26,116.32513529704534,39.97729871711711,500.87804794849535,0,0,0,1,Pv24,pn,5,2008-07-17 16:12:26,2008-07-17 16:17:15,1,5
112,2008-07-17,16:17:17,16:49:14,31.95,80,27,116.32513529704534,39.98180322162162,1001.756095897698,0,0,0,1,Pv5,pn,6,2008-07-17 16:17:17,2008-07-17 16:49:14,1,6
112,2008-07-17,16:49:16,16:53:16,4.0,80,26,116.32513529704534,39.97729871711711,500.87804794849535,0,0,0,1,Pv24,pn,7,2008-07-17 16:49:16,2008-07-17 16:53:16,1,7
112,2008-07-17,17:31:49,17:53:12,21.383333333333333,80,26,116.32513529704534,39.97729871711711,500.87804794849535,0,0,0,1,Pv24,home,8,2008-07-17 17:31:49,2008-07-17 17:53:12,1,8
112,2008-07-17,17:54:26,18:03:01,8.583333333333334,80,25,116.32513529704534,39.972794212612605,0.0,1,0,0,0,HOME,end,0,2008-07-17 17:54:26,2008-07-17 18:03:01,1,0
112,2008-07-18,01:32:04,01:42:15,10.183333333333334,80,25,116.32513529704534,39.972794212612605,0.0,1,0,0,0,HOME,pn,0,2008-07-18 01:32:04,2008-07-18 01:42:15,0,0
112,2008-07-18,01:44:39,01:47:57,3.3,81,26,116.3310134895084,39.97729871711711,708.3561806898888,0,0,0,1,Pv3,end,1,2008-07-18 01:44:39,2008-07-18 01:47:57,1,1
