person,date,first_time,last_time,duration_min,grid_ci,grid_rj,grid_center_lon,grid_center_lat,dist_home_m,is_home,is_sw,is_pv,is_pn,place_id,next_step,visit_order_in_day
14,2008-10-20,05:45:00,05:54:13,9.216666666666667,73,85,116.3182467416565,39.985901182882884,0.0,1,0,0,0,HOME,home,0
14,2008-10-20,06:54:40,07:06:40,12.0,73,85,116.3182467416565,39.985901182882884,0.0,1,0,0,0,HOME,pv,0
14,2008-10-20,07:10:48,07:29:22,18.566666666666666,73,84,116.3182467416565,39.98139667837838,500.87804794849535,0,0,1,0,Pv1,home,1
14,2008-10-20,07:29:23,07:32:26,3.05,73,85,116.3182467416565,39.985901182882884,0.0,1,0,0,0,HOME,pv,0
14,2008-10-20,09:59:54,10:03:06,3.2,75,83,116.33000825238682,39.97689217387387,1416.9553785362662,0,0,1,0,Pv2,pv,2
14,2008-10-20,10:15:29,10:43:01,27.533333333333335,80,80,116.3594120292126,39.96337866036036,4310.038502820995,0,0,1,0,Pv3,home,3
14,2008-10-20,13:45:00,13:54:13,9.216666666666667,73,85,116.3182467416565,39.985901182882884,0.0,1,0,0,0,HOME,home,0
14,2008-10-20,14:54:40,15:06:40,12.0,73,85,116.3182467416565,39.985901182882884,0.0,1,0,0,0,HOME,pn,0
14,2008-10-20,15:10:48,15:29:22,18.566666666666666,73,84,116.3182467416565,39.98139667837838,500.87804794849535,0,0,0,1,Pv1,home,4
14,2008-10-20,15:29:23,15:32:26,3.05,73,85,116.3182467416565,39.985901182882884,0.0,1,0,0,0,HOME,pn,0
14,2008-10-20,17:59:54,18:03:06,3.2,75,83,116.33000825238682,39.97689217387387,1416.9553785362662,0,0,0,1,Pv2,pn,5
14,2008-10-20,18:15:29,18:43:01,27.533333333333335,80,80,116.3594120292126,39.96337866036036,4310.038502820995,0,0,0,1,Pv3,end,6
14,2008-10-21,00:04:24,00:23:15,18.85,112,112,116.54759620089764,40.107522804504505,23749.20674156245,0,0,1,0,Pv4,pv,1
14,2008-10-21,00:23:59,00:55:43,31.733333333333334,110,111,116.53583469016733,40.1030183,22642.053821169127,0,0,1,0,Pv5,pv,2
14,2008-10-21,02:19:11,02:22:12,3.0166666666666666,78,95,116.34765051848228,40.03094622792793,5599.9518306151585,0,0,1,0,Pv6,pv,3
14,2008-10-21,02:22:32,02:26:11,3.65,77,94,116.34176976311713,40.026441723423424,4933.078110417594,0,0,1,0,Pv7,pv,4
14,2008-10-21,02:32:57,02:36:53,3.933333333333333,81,88,116.36529278457776,39.99941469639639,4280.253333183864,0,0,1,0,Pv8,pn,5
14,2008-10-21,02:54:09,03:07:20,13.183333333333334,80,80,116.3594120292126,39.96337866036036,4310.038502820995,0,0,0,1,Pv3,pv,6
14,2008-10-21,03:12:49,03:16:01,3.2,78,85,116.34765051848228,39.985901182882884,2505.138289108911,0,0,1,0,Pv9,home,7
14,2008-10-21,03:19:59,03:46:23,26.4,73,85,116.3182467416565,39.985901182882884,0.0,1,0,0,0,HOME,pn,0
14,2008-10-21,03:48:22,03:52:19,3.95,75,83,116.33000825238682,39.97689217387387,1416.9553785362662,0,0,0,1,Pv2,pn,8
14,2008-10-21,06:11:56,08:15:04,123.13333333333334,75,83,116.33000825238682,39.97689217387387,1416.9553785362662,0,0,0,1,Pv2,home,9
14,2008-10-21,08:17:29,08:31:13,13.733333333333333,73,85,116.3182467416565,39.985901182882884,0.0,1,0,0,0,HOME,home,0
14,2008-10-21,09:03:46,09:45:05,41.31666666666667,73,85,116.3182467416565,39.985901182882884,0.0,1,0,0,0,HOME,pv,0
14,2008-10-21,09:46:27,09:51:35,5.133333333333334,74,85,116.32412749702166,39.985901182882884,501.0276600021796,0,0,1,0,Pv10,pv,10
14,2008-10-21,10:03:19,10:09:25,6.1,83,88,116.37705429530807,39.99941469639639,5230.278585623788,0,0,1,0,Pv11,pn,11
14,2008-10-21,10:54:09,11:07:20,13.183333333333334,80,80,116.3594120292126,39.96337866036036,4310.038502820995,0,0,0,1,Pv3,pn,12
14,2008-10-21,11:12:49,11:16:01,3.2,78,85,116.34765051848228,39.985901182882884,2505.138289108911,0,0,0,1,Pv9,home,13
14,2008-10-21,11:19:59,11:46:23,26.4,73,85,116.3182467416565,39.985901182882884,0.0,1,0,0,0,HOME,pn,0
14,2008-10-21,11:48:22,11:52:19,3.95,75,83,116.33000825238682,39.97689217387387,1416.9553785362662,0,0,0,1,Pv2,pn,14
14,2008-10-21,14:11:56,16:15:04,123.13333333333334,75,83,116.33000825238682,39.97689217387387,1416.9553785362662,0,0,0,1,Pv2,home,15
14,2008-10-21,16:17:29,16:31:13,13.733333333333333,73,85,116.3182467416565,39.985901182882884,0.0,1,0,0,0,HOME,home,0
14,2008-10-21,17:03:46,17:45:05,41.31666666666667,73,85,116.3182467416565,39.985901182882884,0.0,1,0,0,0,HOME,pn,0
14,2008-10-21,17:46:27,17:51:35,5.133333333333334,74,85,116.32412749702166,39.985901182882884,501.0276600021796,0,0,0,1,Pv10,pn,16
14,2008-10-21,18:03:19,18:09:25,6.1,83,88,116.37705429530807,39.99941469639639,5230.278585623788,0,0,0,1,Pv11,end,17
14,2008-10-22,00:47:01,01:09:00,21.983333333333334,73,85,116.3182467416565,39.985901182882884,0.0,1,0,0,0,HOME,home,0
14,2008-10-22,01:39:50,01:53:36,13.766666666666667,73,85,116.3182467416565,39.985901182882884,0.0,1,0,0,0,HOME,home,0
14,2008-10-22,03:37:52,03:41:26,3.566666666666667,73,85,116.3182467416565,39.985901182882884,0.0,1,0,0,0,HOME,pn,0
14,2008-10-22,05:31:04,05:39:39,8.583333333333334,75,83,116.33000825238682,39.97689217387387,1416.9553785362662,0,0,0,1,Pv2,home,1
14,2008-10-22,08:47:01,09:09:00,21.983333333333334,73,85,116.3182467416565,39.985901182882884,0.0,1,0,0,0,HOME,home,0
14,2008-10-22,09:39:50,09:53:36,13.766666666666667,73,85,116.3182467416565,39.985901182882884,0.0,1,0,0,0,HOME,home,0
14,2008-10-22,11:37:52,11:41:26,3.566666666666667,73,85,116.3182467416565,39.985901182882884,0.0,1,0,0,0,HOME,pn,0
14,2008-10-22,13:31:04,13:39:39,8.583333333333334,75,83,116.33000825238682,39.97689217387387,1416.9553785362662,0,0,0,1,Pv2,end,2
14,2008-10-23,11:11:22,11:37:31,26.15,75,81,116.33000825238682,39.967883164864865,2240.187662016129,0,0,1,0,Pv12,pn,1
14,2008-10-23,12:44:15,12:48:18,4.05,75,83,116.33000825238682,39.97689217387387,1416.9553785362662,0,0,0,1,Pv2,pn,2
14,2008-10-23,19:11:22,19:37:31,26.15,75,81,116.33000825238682,39.967883164864865,2240.187662016129,0,0,0,1,Pv12,pn,3
14,2008-10-23,20:44:15,20:48:18,4.05,75,83,116.33000825238682,39.97689217387387,1416.9553785362662,0,0,0,1,Pv2,end,4
14,2008-10-24,02:41:41,02:48:46,7.083333333333333,73,85,116.3182467416565,39.985901182882884,0.0,1,0,0,0,HOME,home,0
14,2008-10-24,05:26:08,05:35:59,9.85,73,85,116.3182467416565,39.985901182882884,0.0,1,0,0,0,HOME,home,0
14,2008-10-24,07:07:58,07:45:56,37.96666666666667,73,85,116.3182467416565,39.985901182882884,0.0,1,0,0,0,HOME,home,0
14,2008-10-24,10:41:41,10:48:46,7.083333333333333,73,85,116.3182467416565,39.985901182882884,0.0,1,0,0,0,HOME,home,0
14,2008-10-24,13:26:08,13:35:59,9.85,73,85,116.3182467416565,39.985901182882884,0.0,1,0,0,0,HOME,home,0
14,2008-10-24,15:07:58,15:45:56,37.96666666666667,73,85,116.3182467416565,39.985901182882884,0.0,1,0,0,0,HOME,home,0
14,2008-10-24,16:17:09,16:22:05,4.933333333333334,73,85,116.3182467416565,39.985901182882884,0.0,1,0,0,0,HOME,pn,0
14,2008-10-24,17:15:37,17:18:55,3.3,78,85,116.34765051848228,39.985901182882884,2505.138289108911,0,0,0,1,Pv9,pv,1
14,2008-10-24,17:29:23,17:32:51,3.466666666666667,72,83,116.31236598629134,39.97689217387387,1120.079056680754,0,0,1,0,Pv13,pv,2
14,2008-10-24,17:34:27,17:37:41,3.2333333333333334,70,82,116.30060447556103,39.97238766936937,2125.4681047283043,0,0,1,0,Pv14,pv,3
14,2008-10-24,17:37:43,17:42:28,4.75,69,82,116.29472372019588,39.97238766936937,2505.027587870656,0,0,1,0,Pv15,pv,4
14,2008-10-24,17:57:20,18:01:54,4.566666666666666,68,80,116.2888429648307,39.96337866036036,3542.563615203069,0,0,1,0,Pv16,pn,5
14,2008-10-24,18:09:08,19:18:49,69.68333333333334,68,80,116.2888429648307,39.96337866036036,3542.563615203069,0,0,0,1,Pv16,pn,6
14,2008-10-24,19:53:02,20:28:44,35.7,68,80,116.2888429648307,39.96337866036036,3542.563615203069,0,0,0,1,Pv16,pn,7
14,2008-10-24,20:33:16,20:36:31,3.25,70,82,116.30060447556103,39.97238766936937,2125.4681047283043,0,0,0,1,Pv14,home,8
14,2008-10-24,20:42:53,20:46:13,3.3333333333333335,73,85,116.3182467416565,39.985901182882884,0.0,1,0,0,0,HOME,end,0
14,2008-10-25,00:54:44,01:06:52,12.133333333333333,83,88,116.37705429530807,39.99941469639639,5230.278585623788,0,0,0,1,Pv11,pn,1
14,2008-10-25,01:07:22,01:31:34,24.2,83,88,116.37705429530807,39.99941469639639,5230.278585623788,0,0,0,1,Pv11,home,2
14,2008-10-25,03:11:43,03:43:32,31.816666666666666,73,85,116.3182467416565,39.985901182882884,0.0,1,0,0,0,HOME,pn,0
14,2008-10-25,08:21:59,08:44:40,22.683333333333334,73,84,116.3182467416565,39.98139667837838,500.87804794849535,0,0,0,1,Pv1,home,3
14,2008-10-25,11:11:43,11:43:32,31.816666666666666,73,85,116.3182467416565,39.985901182882884,0.0,1,0,0,0,HOME,pn,0
14,2008-10-25,16:21:59,16:44:40,22.683333333333334,73,84,116.3182467416565,39.98139667837838,500.87804794849535,0,0,0,1,Pv1,end,4
14,2008-10-26,00:36:56,00:42:17,5.35,82,77,116.37117353994292,39.94986514684685,6033.265507677451,0,0,1,0,Pv17,pn,1
14,2008-10-26,08:36:56,08:42:17,5.35,82,77,116.37117353994292,39.94986514684685,6033.265507677451,0,0,0,1,Pv17,pv,2
14,2008-10-26,10:04:01,10:09:06,5.083333333333333,101,77,116.48290789188091,39.94986514684685,14593.371395468343,0,0,1,0,Pv18,pn,3
14,2008-10-26,18:04:01,18:09:06,5.083333333333333,101,77,116.48290789188091,39.94986514684685,14593.371395468343,0,0,0,1,Pv18,end,4
14,2008-10-27,00:16:52,00:35:33,18.683333333333334,80,80,116.3594120292126,39.96337866036036,4310.038502820995,0,0,0,1,Pv3,pn,1
14,2008-10-27,00:40:56,00:45:31,4.583333333333333,78,85,116.34765051848228,39.985901182882884,2505.138289108911,0,0,0,1,Pv9,home,2
14,2008-10-27,01:38:40,01:46:22,7.7,73,85,116.3182467416565,39.985901182882884,0.0,1,0,0,0,HOME,pn,0
14,2008-10-27,07:57:50,08:00:50,3.0,83,88,116.37705429530807,39.99941469639639,5230.278585623788,0,0,0,1,Pv11,pn,3
14,2008-10-27,08:16:52,08:35:33,18.683333333333334,80,80,116.3594120292126,39.96337866036036,4310.038502820995,0,0,0,1,Pv3,pn,4
14,2008-10-27,08:40:56,08:45:31,4.583333333333333,78,85,116.34765051848228,39.985901182882884,2505.138289108911,0,0,0,1,Pv9,home,5
14,2008-10-27,09:38:40,09:46:22,7.7,73,85,116.3182467416565,39.985901182882884,0.0,1,0,0,0,HOME,home,0
14,2008-10-27,10:36:54,10:41:26,4.533333333333333,73,85,116.3182467416565,39.985901182882884,0.0,1,0,0,0,HOME,end,0
14,2008-10-28,00:03:49,00:13:00,9.183333333333334,80,80,116.3594120292126,39.96337866036036,4310.038502820995,0,0,0,1,Pv3,home,1
14,2008-10-28,10:15:09,10:23:48,8.65,73,85,116.3182467416565,39.985901182882884,0.0,1,0,0,0,HOME,end,0
14,2008-10-29,01:01:31,01:04:41,3.1666666666666665,73,85,116.3182467416565,39.985901182882884,0.0,1,0,0,0,HOME,pn,0
14,2008-10-29,01:06:51,01:10:38,3.783333333333333,75,83,116.33000825238682,39.97689217387387,1416.9553785362662,0,0,0,1,Pv2,pv,1
14,2008-10-29,03:41:40,03:46:35,4.916666666666667,75,82,116.33000825238682,39.97238766936937,1806.1624611478217,0,0,1,0,Pv19,pn,2
14,2008-10-29,09:37:43,09:41:28,3.75,75,83,116.33000825238682,39.97689217387387,1416.9553785362662,0,0,0,1,Pv2,pv,3
14,2008-10-29,09:42:19,09:52:37,10.3,73,83,116.3182467416565,39.97689217387387,1001.756095897698,0,0,1,0,Pv20,pn,4
14,2008-10-29,09:52:40,10:00:09,7.483333333333333,72,83,116.31236598629134,39.97689217387387,1120.079056680754,0,0,0,1,Pv13,pn,5
14,2008-10-29,10:01:51,10:05:58,4.116666666666666,70,82,116.30060447556103,39.97238766936937,2125.4681047283043,0,0,0,1,Pv14,pn,6
14,2008-10-29,10:12:29,10:17:28,4.983333333333333,68,80,116.2888429648307,39.96337866036036,3542.563615203069,0,0,0,1,Pv16,pn,7
14,2008-10-29,12:04:30,12:08:15,3.75,70,82,116.30060447556103,39.97238766936937,2125.4681047283043,0,0,0,1,Pv14,pn,8
14,2008-10-29,12:11:49,12:15:11,3.3666666666666667,73,83,116.3182467416565,39.97689217387387,1001.756095897698,0,0,0,1,Pv20,pv,9
14,2008-10-29,23:44:07,23:47:26,3.316666666666667,83,83,116.37705429530807,39.97689217387387,5109.76478220026,0,0,1,0,Pv21,pv,10
14,2008-10-29,23:47:28,23:52:20,4.866666666666666,83,82,116.37705429530807,39.97238766936937,5231.227880893313,0,0,1,0,Pv22,end,11
14,2008-10-30,00:00:03,00:12:30,12.45,80,80,116.3594120292126,39.96337866036036,4310.038502820995,0,0,0,1,Pv3,home,1
14,2008-10-30,03:51:17,03:54:51,3.566666666666667,73,85,116.3182467416565,39.985901182882884,0.0,1,0,0,0,HOME,pn,0
14,2008-10-30,03:57:26,04:01:39,4.216666666666667,75,83,116.33000825238682,39.97689217387387,1416.9553785362662,0,0,0,1,Pv2,pv,2
14,2008-10-30,04:06:42,04:10:48,4.1,77,80,116.34176976311713,39.96337866036036,3207.764617723308,0,0,1,0,Pv23,pv,3
14,2008-10-30,05:53:00,05:57:02,4.033333333333333,77,79,116.34176976311713,39.95887415585585,3612.4348558840034,0,0,1,0,Pv24,pv,4
14,2008-10-30,06:07:45,06:11:34,3.816666666666667,74,84,116.32412749702166,39.98139667837838,708.4660092416862,0,0,1,0,Pv25,home,5
14,2008-10-30,06:12:05,06:36:52,24.783333333333335,73,85,116.3182467416565,39.985901182882884,0.0,1,0,0,0,HOME,pn,0
14,2008-10-30,06:39:04,06:43:03,3.9833333333333334,75,83,116.33000825238682,39.97689217387387,1416.9553785362662,0,0,0,1,Pv2,pn,6
14,2008-10-30,09:00:37,09:06:45,6.133333333333334,75,82,116.33000825238682,39.97238766936937,1806.1624611478217,0,0,0,1,Pv19,home,7
14,2008-10-30,09:11:52,09:22:23,10.516666666666667,73,85,116.3182467416565,39.985901182882884,0.0,1,0,0,0,HOME,pv,0
14,2008-10-30,09:58:49,10:13:32,14.716666666666667,110,121,116.53583469016733,40.148063345045045,25845.317492543032,0,0,1,0,Pv26,pv,8
14,2008-10-30,10:21:12,10:29:31,8.316666666666666,114,114,116.55935771162795,40.11653181351351,25142.801915076467,0,0,1,0,Pv27,pn,9
14,2008-10-30,11:27:29,11:40:16,12.783333333333333,112,112,116.54759620089764,40.107522804504505,23749.20674156245,0,0,0,1,Pv4,end,10
14,2008-10-31,00:11:10,00:15:17,4.116666666666666,83,88,116.37705429530807,39.99941469639639,5230.278585623788,0,0,0,1,Pv11,home,1
14,2008-10-31,00:25:41,00:31:40,5.983333333333333,73,85,116.3182467416565,39.985901182882884,0.0,1,0,0,0,HOME,pn,0
14,2008-10-31,00:34:57,00:38:18,3.35,73,83,116.3182467416565,39.97689217387387,1001.756095897698,0,0,0,1,Pv20,pv,2
14,2008-10-31,00:45:09,00:53:15,8.1,74,86,116.32412749702166,39.99040568738739,708.4426460356394,0,0,1,0,Pv28,home,3
14,2008-10-31,01:36:18,01:46:48,10.5,73,85,116.3182467416565,39.985901182882884,0.0,1,0,0,0,HOME,home,0
14,2008-10-31,04:44:15,05:50:16,66.01666666666667,73,85,116.3182467416565,39.985901182882884,0.0,1,0,0,0,HOME,home,0
14,2008-10-31,05:51:27,06:51:37,60.166666666666664,73,85,116.3182467416565,39.985901182882884,0.0,1,0,0,0,HOME,home,0
14,2008-10-31,07:30:23,07:47:29,17.1,73,85,116.3182467416565,39.985901182882884,0.0,1,0,0,0,HOME,pn,0
14,2008-10-31,09:37:50,09:41:47,3.95,73,83,116.3182467416565,39.97689217387387,1001.756095897698,0,0,0,1,Pv20,pn,4
14,2008-10-31,09:41:48,09:47:24,5.6,72,83,116.31236598629134,39.97689217387387,1120.079056680754,0,0,0,1,Pv13,pn,5
14,2008-10-31,09:48:36,10:01:47,13.183333333333334,70,82,116.30060447556103,39.97238766936937,2125.4681047283043,0,0,0,1,Pv14,pn,6
14,2008-10-31,10:01:50,10:09:24,7.566666666666666,69,82,116.29472372019588,39.97238766936937,2505.027587870656,0,0,0,1,Pv15,pn,7
14,2008-10-31,12:34:24,12:37:34,3.1666666666666665,73,83,116.3182467416565,39.97689217387387,1001.756095897698,0,0,0,1,Pv20,home,8
14,2008-10-31,12:39:27,12:44:10,4.716666666666667,73,85,116.3182467416565,39.985901182882884,0.0,1,0,0,0,HOME,end,0
14,2008-11-01,08:38:35,08:42:11,3.6,101,109,116.48290789188091,40.09400929099099,18466.212000841944,0,0,1,0,Pv29,pn,1
14,2008-11-01,09:40:14,09:46:38,6.4,110,121,116.53583469016733,40.148063345045045,25845.317492543032,0,0,0,1,Pv26,end,2
14,2008-11-02,23:16:39,23:21:20,4.683333333333334,110,122,116.53583469016733,40.15256784954955,26196.79138778279,0,0,1,0,Pv30,pv,1
14,2008-11-02,23:50:59,23:54:28,3.4833333333333334,84,88,116.38293505067324,39.99941469639639,5711.950090968741,0,0,1,0,Pv31,end,2
14,2008-11-03,00:08:07,00:17:34,9.45,80,80,116.3594120292126,39.96337866036036,4310.038502820995,0,0,0,1,Pv3,pn,1
14,2008-11-03,00:22:44,00:27:11,4.45,78,85,116.34765051848228,39.985901182882884,2505.138289108911,0,0,0,1,Pv9,pv,2
14,2008-11-03,00:28:36,00:32:11,3.5833333333333335,75,85,116.33000825238682,39.985901182882884,1002.0553194594767,0,0,1,0,Pv32,end,3
14,2008-11-05,10:25:54,10:30:30,4.6,74,85,116.32412749702166,39.985901182882884,501.0276600021796,0,0,0,1,Pv10,end,1
14,2008-11-06,06:21:29,06:24:32,3.05,73,85,116.3182467416565,39.985901182882884,0.0,1,0,0,0,HOME,pv,0
14,2008-11-06,23:54:19,23:57:20,3.0166666666666666,81,81,116.36529278457776,39.967883164864865,4481.5326939928655,0,0,1,0,Pv33,end,1
14,2008-11-07,00:00:02,00:09:59,9.95,80,80,116.3594120292126,39.96337866036036,4310.038502820995,0,0,0,1,Pv3,pn,1
14,2008-11-07,00:15:41,00:19:28,3.783333333333333,78,85,116.34765051848228,39.985901182882884,2505.138289108911,0,0,0,1,Pv9,pv,2
14,2008-11-07,06:05:32,06:14:22,8.833333333333334,72,85,116.31236598629134,39.985901182882884,501.0276600021796,0,0,1,0,Pv34,home,3
14,2008-11-07,08:12:45,08:34:57,22.2,73,85,116.3182467416565,39.985901182882884,0.0,1,0,0,0,HOME,pn,0
14,2008-11-07,08:37:22,08:42:07,4.75,75,83,116.33000825238682,39.97689217387387,1416.9553785362662,0,0,0,1,Pv2,pn,4
14,2008-11-07,08:50:18,08:58:36,8.3,80,80,116.3594120292126,39.96337866036036,4310.038502820995,0,0,0,1,Pv3,pn,5
14,2008-11-07,09:07:33,09:11:19,3.7666666666666666,75,83,116.33000825238682,39.97689217387387,1416.9553785362662,0,0,0,1,Pv2,pn,6
14,2008-11-07,09:12:02,09:30:00,17.966666666666665,73,83,116.3182467416565,39.97689217387387,1001.756095897698,0,0,0,1,Pv20,pn,7
14,2008-11-07,09:30:06,09:39:27,9.35,72,83,116.31236598629134,39.97689217387387,1120.079056680754,0,0,0,1,Pv13,pn,8
14,2008-11-07,09:40:42,09:45:56,5.233333333333333,70,82,116.30060447556103,39.97238766936937,2125.4681047283043,0,0,0,1,Pv14,pn,9
14,2008-11-07,09:45:57,09:49:50,3.8833333333333333,69,82,116.29472372019588,39.97238766936937,2505.027587870656,0,0,0,1,Pv15,end,10
14,2008-11-09,01:27:20,01:31:22,4.033333333333333,83,88,116.37705429530807,39.99941469639639,5230.278585623788,0,0,0,1,Pv11,pv,1
14,2008-11-09,01:44:19,01:50:27,6.133333333333334,65,78,116.27120069873524,39.95436965135135,5326.003488358227,0,0,1,0,Pv35,pv,2
14,2008-11-09,02:20:11,02:24:34,4.383333333333334,95,45,116.44762335968997,39.805721002702704,22874.09078504851,0,0,1,0,Pv36,pv,3
14,2008-11-09,02:24:48,02:31:59,7.183333333333334,95,44,116.44762335968997,39.8012164981982,23314.227509255474,0,0,1,0,Pv37,pv,4
14,2008-11-09,02:36:44,02:45:52,9.133333333333333,96,39,116.45350411505513,39.77869397567567,25769.282837409515,0,0,1,0,Pv38,pn,5
14,2008-11-09,06:16:04,06:23:49,7.75,96,39,116.45350411505513,39.77869397567567,25769.282837409515,0,0,0,1,Pv38,pn,6
14,2008-11-09,06:28:52,06:32:04,3.2,95,44,116.44762335968997,39.8012164981982,23314.227509255474,0,0,0,1,Pv37,pn,7
14,2008-11-09,06:32:06,06:35:40,3.566666666666667,95,45,116.44762335968997,39.805721002702704,22874.09078504851,0,0,0,1,Pv36,pv,8
14,2008-11-09,06:35:41,07:00:09,24.466666666666665,95,46,116.44762335968997,39.81022550720721,22436.501760951418,0,0,1,0,Pv39,pn,9
14,2008-11-09,07:38:55,07:49:22,10.45,95,46,116.44762335968997,39.81022550720721,22436.501760951418,0,0,0,1,Pv39,end,10
14,2008-11-10,00:02:16,00:15:20,13.066666666666666,80,80,116.3594120292126,39.96337866036036,4310.038502820995,0,0,0,1,Pv3,pn,1
14,2008-11-10,00:20:09,00:23:46,3.6166666666666667,78,85,116.34765051848228,39.985901182882884,2505.138289108911,0,0,0,1,Pv9,home,2
14,2008-11-10,01:16:12,01:43:15,27.05,73,85,116.3182467416565,39.985901182882884,0.0,1,0,0,0,HOME,pn,0
14,2008-11-10,15:23:09,15:37:03,13.9,83,88,116.37705429530807,39.99941469639639,5230.278585623788,0,0,0,1,Pv11,end,3
14,2008-11-11,06:22:14,06:43:18,21.066666666666666,73,85,116.3182467416565,39.985901182882884,0.0,1,0,0,0,HOME,pv,0
14,2008-11-11,06:46:36,06:58:18,11.7,72,87,116.31236598629134,39.99491019189189,1120.049501654148,0,0,1,0,Pv40,pn,1
14,2008-11-11,08:01:37,08:17:04,15.45,72,87,116.31236598629134,39.99491019189189,1120.049501654148,0,0,0,1,Pv40,pv,2
14,2008-11-11,08:17:27,08:21:04,3.6166666666666667,71,88,116.30648523092619,39.99941469639639,1806.0524891909783,0,0,1,0,Pv41,pn,3
14,2008-11-11,13:26:22,13:30:54,4.533333333333333,83,83,116.37705429530807,39.97689217387387,5109.76478220026,0,0,0,1,Pv21,end,4
14,2008-11-12,03:27:31,03:31:02,3.5166666666666666,73,85,116.3182467416565,39.985901182882884,0.0,1,0,0,0,HOME,pn,0
14,2008-11-12,10:33:47,10:46:41,12.9,80,80,116.3594120292126,39.96337866036036,4310.038502820995,0,0,0,1,Pv3,end,1
14,2008-11-13,00:07:41,00:19:11,11.5,80,80,116.3594120292126,39.96337866036036,4310.038502820995,0,0,0,1,Pv3,pn,1
14,2008-11-13,00:28:53,00:32:02,3.15,75,85,116.33000825238682,39.985901182882884,1002.0553194594767,0,0,0,1,Pv32,pn,2
14,2008-11-13,11:56:25,12:06:27,10.033333333333333,110,121,116.53583469016733,40.148063345045045,25845.317492543032,0,0,0,1,Pv26,pn,3
14,2008-11-13,12:07:07,12:19:17,12.166666666666666,110,121,116.53583469016733,40.148063345045045,25845.317492543032,0,0,0,1,Pv26,pn,4
14,2008-11-13,13:25:33,13:30:53,5.333333333333333,110,121,116.53583469016733,40.148063345045045,25845.317492543032,0,0,0,1,Pv26,end,5
14,2008-11-14,00:56:30,00:59:49,3.316666666666667,75,85,116.33000825238682,39.985901182882884,1002.0553194594767,0,0,0,1,Pv32,pn,1
14,2008-11-14,04:14:14,04:18:15,4.016666666666667,77,80,116.34176976311713,39.96337866036036,3207.764617723308,0,0,0,1,Pv23,pn,2
14,2008-11-14,04:18:19,04:23:49,5.5,77,79,116.34176976311713,39.95887415585585,3612.4348558840034,0,0,0,1,Pv24,pn,3
14,2008-11-14,06:34:08,06:40:52,6.733333333333333,77,79,116.34176976311713,39.95887415585585,3612.4348558840034,0,0,0,1,Pv24,pn,4
14,2008-11-14,06:40:56,06:46:27,5.516666666666667,77,80,116.34176976311713,39.96337866036036,3207.764617723308,0,0,0,1,Pv23,pn,5
14,2008-11-14,06:53:30,06:56:58,3.466666666666667,78,85,116.34765051848228,39.985901182882884,2505.138289108911,0,0,0,1,Pv9,pn,6
14,2008-11-14,07:35:50,07:39:06,3.2666666666666666,75,83,116.33000825238682,39.97689217387387,1416.9553785362662,0,0,0,1,Pv2,pv,7
14,2008-11-14,08:38:15,08:41:25,3.1666666666666665,76,81,116.33588900775197,39.967883164864865,2504.778499174311,0,0,1,0,Pv42,pn,8
14,2008-11-14,08:47:01,09:01:18,14.283333333333333,80,80,116.3594120292126,39.96337866036036,4310.038502820995,0,0,0,1,Pv3,pn,9
14,2008-11-14,09:11:44,09:32:50,21.1,73,83,116.3182467416565,39.97689217387387,1001.756095897698,0,0,0,1,Pv20,pv,10
14,2008-11-14,09:37:41,09:40:45,3.066666666666667,71,82,116.30648523092619,39.97238766936937,1806.1624611466186,0,0,1,0,Pv43,pn,11
14,2008-11-14,09:40:52,09:52:18,11.433333333333334,70,82,116.30060447556103,39.97238766936937,2125.4681047283043,0,0,0,1,Pv14,pn,12
14,2008-11-14,09:52:21,09:59:52,7.516666666666667,69,82,116.29472372019588,39.97238766936937,2505.027587870656,0,0,0,1,Pv15,pn,13
14,2008-11-14,12:38:23,12:44:45,6.366666666666666,73,83,116.3182467416565,39.97689217387387,1001.756095897698,0,0,0,1,Pv20,end,14
14,2008-11-16,00:08:07,00:40:20,32.21666666666667,87,89,116.4005773167687,40.0039192009009,7294.01862982597,0,0,1,0,Pv44,pn,1
14,2008-11-16,01:09:58,01:13:51,3.8833333333333333,110,122,116.53583469016733,40.15256784954955,26196.79138778279,0,0,0,1,Pv30,pn,2
14,2008-11-16,01:13:53,01:17:33,3.6666666666666665,110,121,116.53583469016733,40.148063345045045,25845.317492543032,0,0,0,1,Pv26,pn,3
14,2008-11-16,01:27:35,01:35:36,8.016666666666667,110,122,116.53583469016733,40.15256784954955,26196.79138778279,0,0,0,1,Pv30,pn,4
14,2008-11-16,01:40:47,01:49:44,8.95,110,121,116.53583469016733,40.148063345045045,25845.317492543032,0,0,0,1,Pv26,pv,5
14,2008-11-16,02:59:29,03:02:38,3.15,107,133,116.51819242407186,40.2021173990991,29449.856894937522,0,0,1,0,Pv45,pn,6
14,2008-11-16,03:05:10,03:11:03,5.883333333333334,107,133,116.51819242407186,40.2021173990991,29449.856894937522,0,0,0,1,Pv45,pn,7
14,2008-11-16,10:29:05,10:55:20,26.25,83,88,116.37705429530807,39.99941469639639,5230.278585623788,0,0,0,1,Pv11,pv,8
14,2008-11-16,10:58:27,11:02:15,3.8,81,91,116.36529278457776,40.01292820990991,5009.103500082711,0,0,1,0,Pv46,pv,9
14,2008-11-16,11:13:46,11:16:46,3.0,73,81,116.3182467416565,39.967883164864865,2003.5121917939814,0,0,1,0,Pv47,end,10
14,2008-11-17,00:05:03,00:19:16,14.216666666666667,80,80,116.3594120292126,39.96337866036036,4310.038502820995,0,0,0,1,Pv3,pn,1
14,2008-11-17,00:24:27,00:27:40,3.216666666666667,78,85,116.34765051848228,39.985901182882884,2505.138289108911,0,0,0,1,Pv9,pn,2
14,2008-11-17,00:28:53,00:32:12,3.316666666666667,75,85,116.33000825238682,39.985901182882884,1002.0553194594767,0,0,0,1,Pv32,pn,3
14,2008-11-17,10:44:47,10:54:39,9.866666666666667,80,80,116.3594120292126,39.96337866036036,4310.038502820995,0,0,0,1,Pv3,end,4
14,2008-11-18,03:55:31,04:19:28,23.95,73,84,116.3182467416565,39.98139667837838,500.87804794849535,0,0,0,1,Pv1,pn,1
14,2008-11-18,05:11:03,05:14:48,3.75,75,83,116.33000825238682,39.97689217387387,1416.9553785362662,0,0,0,1,Pv2,pv,2
14,2008-11-18,10:35:42,10:39:48,4.1,77,85,116.34176976311713,39.985901182882884,2004.1106345577248,0,0,1,0,Pv48,pv,3
14,2008-11-18,10:55:40,11:01:27,5.783333333333333,80,79,116.3594120292126,39.95887415585585,4619.189286180762,0,0,1,0,Pv49,end,4
14,2008-11-20,00:02:45,00:06:01,3.2666666666666666,83,83,116.37705429530807,39.97689217387387,5109.76478220026,0,0,0,1,Pv21,pn,1
14,2008-11-20,00:13:29,00:27:48,14.316666666666666,80,80,116.3594120292126,39.96337866036036,4310.038502820995,0,0,0,1,Pv3,pn,2
14,2008-11-20,00:33:14,00:37:03,3.816666666666667,78,85,116.34765051848228,39.985901182882884,2505.138289108911,0,0,0,1,Pv9,pv,3
14,2008-11-20,05:36:53,05:42:10,5.283333333333333,67,99,116.28296220946555,40.048964245945946,7628.953823013873,0,0,1,0,Pv50,pn,4
14,2008-11-20,07:23:25,07:30:46,7.35,74,85,116.32412749702166,39.985901182882884,501.0276600021796,0,0,0,1,Pv10,pn,5
14,2008-11-20,07:31:24,07:35:55,4.516666666666667,75,83,116.33000825238682,39.97689217387387,1416.9553785362662,0,0,0,1,Pv2,pv,6
14,2008-11-20,07:36:28,07:39:40,3.2,77,83,116.34176976311713,39.97689217387387,2240.6481951808105,0,0,1,0,Pv51,end,7
14,2008-11-21,04:52:20,04:55:45,3.4166666666666665,73,85,116.3182467416565,39.985901182882884,0.0,1,0,0,0,HOME,pn,0
14,2008-11-21,08:40:16,08:55:57,15.683333333333334,80,80,116.3594120292126,39.96337866036036,4310.038502820995,0,0,0,1,Pv3,pn,1
14,2008-11-21,09:05:51,09:09:37,3.7666666666666666,75,83,116.33000825238682,39.97689217387387,1416.9553785362662,0,0,0,1,Pv2,pn,2
14,2008-11-21,09:10:38,09:46:36,35.96666666666667,73,83,116.3182467416565,39.97689217387387,1001.756095897698,0,0,0,1,Pv20,pn,3
14,2008-11-21,09:46:38,09:52:00,5.366666666666666,72,83,116.31236598629134,39.97689217387387,1120.079056680754,0,0,0,1,Pv13,pn,4
14,2008-11-21,09:53:08,10:04:25,11.283333333333333,70,82,116.30060447556103,39.97238766936937,2125.4681047283043,0,0,0,1,Pv14,pn,5
14,2008-11-21,10:04:28,10:09:35,5.116666666666666,69,82,116.29472372019588,39.97238766936937,2505.027587870656,0,0,0,1,Pv15,pn,6
14,2008-11-21,12:37:01,12:40:08,3.1166666666666667,69,82,116.29472372019588,39.97238766936937,2505.027587870656,0,0,0,1,Pv15,pn,7
14,2008-11-21,12:44:31,12:50:41,6.166666666666667,73,83,116.3182467416565,39.97689217387387,1001.756095897698,0,0,0,1,Pv20,pv,8
14,2008-11-21,13:00:10,13:05:52,5.7,82,85,116.37117353994292,39.985901182882884,4509.248874627205,0,0,1,0,Pv52,end,9
14,2008-11-22,07:27:25,07:30:28,3.05,90,85,116.41821958286418,39.985901182882884,8517.469775401994,0,0,1,0,Pv53,end,1
14,2008-11-23,01:52:39,01:59:49,7.166666666666667,110,121,116.53583469016733,40.148063345045045,25845.317492543032,0,0,0,1,Pv26,pn,1
14,2008-11-23,03:49:35,03:57:51,8.266666666666667,110,121,116.53583469016733,40.148063345045045,25845.317492543032,0,0,0,1,Pv26,pn,2
14,2008-11-23,03:58:14,04:01:41,3.45,110,121,116.53583469016733,40.148063345045045,25845.317492543032,0,0,0,1,Pv26,pv,3
14,2008-11-23,07:57:36,08:01:10,3.566666666666667,108,121,116.52407317943701,40.148063345045045,25137.98392973859,0,0,1,0,Pv54,pv,4
14,2008-11-23,08:01:14,08:05:07,3.8833333333333333,109,121,116.52995393480217,40.148063345045045,25489.191919263696,0,0,1,0,Pv55,end,5
14,2008-11-24,02:04:59,02:08:29,3.5,80,80,116.3594120292126,39.96337866036036,4310.038502820995,0,0,0,1,Pv3,pn,1
14,2008-11-24,02:13:56,02:20:02,6.1,78,85,116.34765051848228,39.985901182882884,2505.138289108911,0,0,0,1,Pv9,home,2
14,2008-11-24,02:23:47,02:48:18,24.516666666666666,73,85,116.3182467416565,39.985901182882884,0.0,1,0,0,0,HOME,home,0
14,2008-11-24,05:17:11,06:11:18,54.11666666666667,73,85,116.3182467416565,39.985901182882884,0.0,1,0,0,0,HOME,home,0
14,2008-11-24,06:17:11,06:38:34,21.383333333333333,73,85,116.3182467416565,39.985901182882884,0.0,1,0,0,0,HOME,pv,0
14,2008-11-24,08:54:45,08:59:57,5.2,86,61,116.39469656140355,39.87779307477477,13674.68953001661,0,0,1,0,Pv56,pv,3
14,2008-11-24,09:00:18,09:03:25,3.1166666666666667,85,60,116.3888158060384,39.87328857027027,13892.693578651417,0,0,1,0,Pv57,pv,4
14,2008-11-24,09:31:16,09:35:35,4.316666666666666,72,80,116.31236598629134,39.96337866036036,2554.0324850900492,0,0,1,0,Pv58,pv,5
14,2008-11-24,09:36:28,09:39:42,3.2333333333333334,72,82,116.31236598629134,39.97238766936937,1583.9784521820852,0,0,1,0,Pv59,pn,6
14,2008-11-24,09:42:14,09:48:00,5.766666666666667,73,84,116.3182467416565,39.98139667837838,500.87804794849535,0,0,0,1,Pv1,pn,7
14,2008-11-24,10:28:40,10:35:37,6.95,75,83,116.33000825238682,39.97689217387387,1416.9553785362662,0,0,0,1,Pv2,pn,8
14,2008-11-24,10:44:32,10:57:59,13.45,80,80,116.3594120292126,39.96337866036036,4310.038502820995,0,0,0,1,Pv3,end,9
14,2008-11-25,03:42:27,03:46:07,3.6666666666666665,73,85,116.3182467416565,39.985901182882884,0.0,1,0,0,0,HOME,pn,0
14,2008-11-25,03:49:05,03:53:10,4.083333333333333,75,83,116.33000825238682,39.97689217387387,1416.9553785362662,0,0,0,1,Pv2,pn,1
14,2008-11-25,06:43:24,06:46:45,3.35,75,83,116.33000825238682,39.97689217387387,1416.9553785362662,0,0,0,1,Pv2,end,2
14,2008-11-26,03:55:27,03:59:19,3.8666666666666667,75,83,116.33000825238682,39.97689217387387,1416.9553785362662,0,0,0,1,Pv2,home,1
14,2008-11-26,05:18:47,05:43:46,24.983333333333334,73,85,116.3182467416565,39.985901182882884,0.0,1,0,0,0,HOME,pv,0
14,2008-11-26,05:51:46,05:56:26,4.666666666666667,70,79,116.30060447556103,39.95887415585585,3360.3258096386203,0,0,1,0,Pv60,pn,2
14,2008-11-26,10:12:31,10:20:11,7.666666666666667,74,84,116.32412749702166,39.98139667837838,708.4660092416862,0,0,0,1,Pv25,end,3
14,2008-11-27,11:26:05,11:36:10,10.083333333333334,86,86,116.39469656140355,39.99040568738739,6532.375671856299,0,0,1,0,Pv61,pn,1
14,2008-11-27,23:53:03,23:59:51,6.8,73,84,116.3182467416565,39.98139667837838,500.87804794849535,0,0,0,1,Pv1,end,2
14,2008-11-28,09:29:59,09:33:39,3.6666666666666665,75,83,116.33000825238682,39.97689217387387,1416.9553785362662,0,0,0,1,Pv2,pn,1
14,2008-11-28,09:34:40,09:41:57,7.283333333333333,73,83,116.3182467416565,39.97689217387387,1001.756095897698,0,0,0,1,Pv20,pn,2
14,2008-11-28,09:42:00,09:49:14,7.233333333333333,73,84,116.3182467416565,39.98139667837838,500.87804794849535,0,0,0,1,Pv1,pn,3
14,2008-11-28,09:50:32,09:54:14,3.7,74,85,116.32412749702166,39.985901182882884,501.0276600021796,0,0,0,1,Pv10,pn,4
14,2008-11-28,09:59:15,10:03:09,3.9,78,85,116.34765051848228,39.985901182882884,2505.138289108911,0,0,0,1,Pv9,pn,5
14,2008-11-28,10:18:30,10:48:52,30.366666666666667,68,80,116.2888429648307,39.96337866036036,3542.563615203069,0,0,0,1,Pv16,pn,6
14,2008-11-28,12:40:38,12:46:03,5.416666666666667,73,83,116.3182467416565,39.97689217387387,1001.756095897698,0,0,0,1,Pv20,end,7
14,2008-11-29,08:32:41,08:41:09,8.466666666666667,82,87,116.37117353994292,39.99491019189189,4618.891548370556,0,0,1,0,Pv62,end,1
14,2008-11-30,01:20:43,01:24:05,3.3666666666666667,85,66,116.3888158060384,39.90031559729729,11258.803027558335,0,0,1,0,Pv63,pv,1
14,2008-11-30,01:24:07,01:32:24,8.283333333333333,85,65,116.3888158060384,39.89581109279279,11685.34552765309,0,0,1,0,Pv64,end,2
14,2008-12-01,00:03:05,00:20:17,17.2,80,80,116.3594120292126,39.96337866036036,4310.038502820995,0,0,0,1,Pv3,pn,1
14,2008-12-01,00:27:20,00:31:19,3.9833333333333334,78,85,116.34765051848228,39.985901182882884,2505.138289108911,0,0,0,1,Pv9,pn,2
14,2008-12-01,11:09:33,11:13:08,3.5833333333333335,75,83,116.33000825238682,39.97689217387387,1416.9553785362662,0,0,0,1,Pv2,end,3
14,2008-12-03,05:55:24,06:04:29,9.083333333333334,70,65,116.30060447556103,39.89581109279279,10129.845184431722,0,0,1,0,Pv65,home,1
14,2008-12-03,06:20:17,06:58:37,38.333333333333336,73,85,116.3182467416565,39.985901182882884,0.0,1,0,0,0,HOME,home,0
14,2008-12-03,06:58:59,07:15:35,16.6,73,85,116.3182467416565,39.985901182882884,0.0,1,0,0,0,HOME,home,0
14,2008-12-03,08:05:32,09:21:18,75.76666666666667,73,85,116.3182467416565,39.985901182882884,0.0,1,0,0,0,HOME,pn,0
14,2008-12-03,09:21:20,09:37:31,16.183333333333334,72,85,116.31236598629134,39.985901182882884,501.0276600021796,0,0,0,1,Pv34,pv,2
14,2008-12-03,10:00:49,10:06:12,5.383333333333334,71,71,116.30648523092619,39.92283811981982,7083.593005264766,0,0,1,0,Pv66,pn,3
14,2008-12-03,23:52:21,23:56:34,4.216666666666667,81,81,116.36529278457776,39.967883164864865,4481.5326939928655,0,0,0,1,Pv33,end,4
14,2008-12-04,00:00:01,00:11:59,11.966666666666667,80,80,116.3594120292126,39.96337866036036,4310.038502820995,0,0,0,1,Pv3,pn,1
14,2008-12-04,00:19:06,00:22:25,3.316666666666667,78,85,116.34765051848228,39.985901182882884,2505.138289108911,0,0,0,1,Pv9,home,2
14,2008-12-04,10:48:43,11:03:02,14.316666666666666,73,85,116.3182467416565,39.985901182882884,0.0,1,0,0,0,HOME,pn,0
14,2008-12-04,11:07:23,11:12:21,4.966666666666667,75,83,116.33000825238682,39.97689217387387,1416.9553785362662,0,0,0,1,Pv2,pn,3
14,2008-12-04,11:20:12,11:31:11,10.983333333333333,80,80,116.3594120292126,39.96337866036036,4310.038502820995,0,0,0,1,Pv3,end,4
14,2008-12-05,05:27:10,05:34:58,7.8,77,80,116.34176976311713,39.96337866036036,3207.764617723308,0,0,0,1,Pv23,pn,1
14,2008-12-05,06:34:00,06:41:43,7.716666666666667,77,79,116.34176976311713,39.95887415585585,3612.4348558840034,0,0,0,1,Pv24,pn,2
14,2008-12-05,06:42:05,06:46:54,4.816666666666666,77,80,116.34176976311713,39.96337866036036,3207.764617723308,0,0,0,1,Pv23,pn,3
14,2008-12-05,06:53:22,06:56:40,3.3,78,85,116.34765051848228,39.985901182882884,2505.138289108911,0,0,0,1,Pv9,home,4
14,2008-12-05,07:01:29,07:55:11,53.7,73,85,116.3182467416565,39.985901182882884,0.0,1,0,0,0,HOME,home,0
14,2008-12-05,08:38:44,08:42:11,3.45,73,85,116.3182467416565,39.985901182882884,0.0,1,0,0,0,HOME,pn,0
14,2008-12-05,08:44:26,08:48:01,3.5833333333333335,75,83,116.33000825238682,39.97689217387387,1416.9553785362662,0,0,0,1,Pv2,pn,5
14,2008-12-05,08:57:54,09:06:18,8.4,80,80,116.3594120292126,39.96337866036036,4310.038502820995,0,0,0,1,Pv3,pv,6
14,2008-12-05,09:12:44,09:16:07,3.3833333333333333,78,84,116.34765051848228,39.98139667837838,2554.8014497510153,0,0,1,0,Pv67,pn,7
14,2008-12-05,09:16:52,09:20:25,3.55,78,85,116.34765051848228,39.985901182882884,2505.138289108911,0,0,0,1,Pv9,pn,8
14,2008-12-05,09:26:25,09:31:49,5.4,73,84,116.3182467416565,39.98139667837838,500.87804794849535,0,0,0,1,Pv1,pn,9
14,2008-12-05,09:31:55,09:38:33,6.633333333333334,73,83,116.3182467416565,39.97689217387387,1001.756095897698,0,0,0,1,Pv20,pn,10
14,2008-12-05,09:49:02,09:54:08,5.1,71,82,116.30648523092619,39.97238766936937,1806.1624611466186,0,0,0,1,Pv43,pv,11
14,2008-12-05,10:04:37,10:12:37,8.0,70,83,116.30060447556103,39.97689217387387,1806.3974166915384,0,0,1,0,Pv68,pn,12
14,2008-12-05,10:12:39,10:15:39,3.0,70,82,116.30060447556103,39.97238766936937,2125.4681047283043,0,0,0,1,Pv14,pn,13
14,2008-12-05,10:20:11,12:21:44,121.55,68,80,116.2888429648307,39.96337866036036,3542.563615203069,0,0,0,1,Pv16,end,14
14,2008-12-06,01:38:38,01:41:49,3.183333333333333,75,83,116.33000825238682,39.97689217387387,1416.9553785362662,0,0,0,1,Pv2,pn,1
14,2008-12-06,03:31:43,03:41:03,9.333333333333334,73,84,116.3182467416565,39.98139667837838,500.87804794849535,0,0,0,1,Pv1,pn,2
14,2008-12-06,04:56:33,05:38:57,42.4,73,84,116.3182467416565,39.98139667837838,500.87804794849535,0,0,0,1,Pv1,home,3
14,2008-12-06,05:38:59,05:44:53,5.9,73,85,116.3182467416565,39.985901182882884,0.0,1,0,0,0,HOME,pn,0
14,2008-12-06,05:44:55,05:54:35,9.666666666666666,72,85,116.31236598629134,39.985901182882884,501.0276600021796,0,0,0,1,Pv34,pv,4
14,2008-12-06,06:12:36,07:29:19,76.71666666666667,69,66,116.29472372019588,39.90031559729729,9725.67436291495,0,0,1,0,Pv69,pn,5
14,2008-12-06,08:02:00,08:13:58,11.966666666666667,83,88,116.37705429530807,39.99941469639639,5230.278585623788,0,0,0,1,Pv11,pn,6
14,2008-12-06,08:43:00,08:47:06,4.1,108,121,116.52407317943701,40.148063345045045,25137.98392973859,0,0,0,1,Pv54,pn,7
14,2008-12-06,08:47:08,08:50:20,3.2,109,121,116.52995393480217,40.148063345045045,25489.191919263696,0,0,0,1,Pv55,end,8
14,2008-12-08,01:33:07,01:53:01,19.9,110,121,116.53583469016733,40.148063345045045,25845.317492543032,0,0,0,1,Pv26,pn,1
14,2008-12-08,11:10:52,11:14:44,3.8666666666666667,75,83,116.33000825238682,39.97689217387387,1416.9553785362662,0,0,0,1,Pv2,pn,2
14,2008-12-08,11:23:46,11:47:22,23.6,80,80,116.3594120292126,39.96337866036036,4310.038502820995,0,0,0,1,Pv3,pn,3
14,2008-12-08,11:52:36,12:02:03,9.45,83,83,116.37705429530807,39.97689217387387,5109.76478220026,0,0,0,1,Pv21,end,4
14,2008-12-09,00:01:54,00:15:37,13.716666666666667,80,80,116.3594120292126,39.96337866036036,4310.038502820995,0,0,0,1,Pv3,pn,1
14,2008-12-09,00:22:15,00:25:39,3.4,78,85,116.34765051848228,39.985901182882884,2505.138289108911,0,0,0,1,Pv9,end,2
14,2008-12-10,00:48:24,00:51:32,3.1333333333333333,75,85,116.33000825238682,39.985901182882884,1002.0553194594767,0,0,0,1,Pv32,end,1
14,2008-12-11,00:02:34,00:16:42,14.133333333333333,80,80,116.3594120292126,39.96337866036036,4310.038502820995,0,0,0,1,Pv3,pn,1
14,2008-12-11,00:22:19,00:25:39,3.3333333333333335,78,85,116.34765051848228,39.985901182882884,2505.138289108911,0,0,0,1,Pv9,end,2
14,2008-12-12,03:28:25,03:32:11,3.7666666666666666,75,82,116.33000825238682,39.97238766936937,1806.1624611478217,0,0,0,1,Pv19,home,1
14,2008-12-12,03:36:35,03:52:31,15.933333333333334,73,85,116.3182467416565,39.985901182882884,0.0,1,0,0,0,HOME,home,0
14,2008-12-12,07:32:02,07:36:42,4.666666666666667,73,85,116.3182467416565,39.985901182882884,0.0,1,0,0,0,HOME,pn,0
14,2008-12-12,07:38:37,07:43:11,4.566666666666666,75,83,116.33000825238682,39.97689217387387,1416.9553785362662,0,0,0,1,Pv2,pn,2
14,2008-12-12,08:52:19,09:20:27,28.133333333333333,80,80,116.3594120292126,39.96337866036036,4310.038502820995,0,0,0,1,Pv3,pn,3
14,2008-12-12,09:26:56,09:30:47,3.85,78,84,116.34765051848228,39.98139667837838,2554.8014497510153,0,0,0,1,Pv67,pn,4
14,2008-12-12,09:30:49,09:34:24,3.5833333333333335,78,85,116.34765051848228,39.985901182882884,2505.138289108911,0,0,0,1,Pv9,end,5
14,2008-12-14,01:16:34,01:19:41,3.1166666666666667,76,74,116.33588900775197,39.93635163333333,5711.149935746,0,0,1,0,Pv70,pv,1
14,2008-12-14,03:23:43,03:27:20,3.6166666666666667,75,74,116.33000825238682,39.93635163333333,5600.105354319367,0,0,1,0,Pv71,end,2
14,2008-12-15,10:24:45,10:30:28,5.716666666666667,74,85,116.32412749702166,39.985901182882884,501.0276600021796,0,0,0,1,Pv10,pv,1
14,2008-12-15,10:31:20,10:34:47,3.45,76,85,116.33588900775197,39.985901182882884,1503.0829778248406,0,0,1,0,Pv72,end,2
14,2008-12-16,01:51:24,02:04:47,13.383333333333333,110,121,116.53583469016733,40.148063345045045,25845.317492543032,0,0,0,1,Pv26,pn,1
14,2008-12-16,02:42:42,02:54:37,11.916666666666666,80,80,116.3594120292126,39.96337866036036,4310.038502820995,0,0,0,1,Pv3,pn,2
14,2008-12-16,03:01:06,03:07:43,6.616666666666666,75,82,116.33000825238682,39.97238766936937,1806.1624611478217,0,0,0,1,Pv19,pn,3
14,2008-12-16,03:12:17,03:16:24,4.116666666666666,78,84,116.34765051848228,39.98139667837838,2554.8014497510153,0,0,0,1,Pv67,pn,4
14,2008-12-16,03:16:26,03:22:23,5.95,78,85,116.34765051848228,39.985901182882884,2505.138289108911,0,0,0,1,Pv9,pv,5
14,2008-12-16,03:39:55,03:43:14,3.316666666666667,58,67,116.23003541117913,39.9048201018018,11740.238106854358,0,0,1,0,Pv73,pv,6
14,2008-12-16,05:52:17,05:56:51,4.566666666666666,71,85,116.30648523092619,39.985901182882884,1002.0553194573088,0,0,1,0,Pv74,end,7
14,2008-12-17,00:06:37,00:17:46,11.15,80,80,116.3594120292126,39.96337866036036,4310.038502820995,0,0,0,1,Pv3,pn,1
14,2008-12-17,03:35:24,03:38:38,3.2333333333333334,72,85,116.31236598629134,39.985901182882884,501.0276600021796,0,0,0,1,Pv34,pn,2
14,2008-12-17,03:39:33,03:52:58,13.416666666666666,73,84,116.3182467416565,39.98139667837838,500.87804794849535,0,0,0,1,Pv1,pn,3
14,2008-12-17,03:54:22,04:00:42,6.333333333333333,72,83,116.31236598629134,39.97689217387387,1120.079056680754,0,0,0,1,Pv13,pn,4
14,2008-12-17,04:21:53,04:27:05,5.2,70,83,116.30060447556103,39.97689217387387,1806.3974166915384,0,0,0,1,Pv68,pn,5
14,2008-12-17,07:17:38,07:41:11,23.55,75,83,116.33000825238682,39.97689217387387,1416.9553785362662,0,0,0,1,Pv2,pn,6
14,2008-12-17,10:41:58,10:45:16,3.3,75,83,116.33000825238682,39.97689217387387,1416.9553785362662,0,0,0,1,Pv2,end,7
14,2008-12-18,00:02:19,00:05:23,3.066666666666667,81,81,116.36529278457776,39.967883164864865,4481.5326939928655,0,0,0,1,Pv33,pn,1
14,2008-12-18,00:06:11,00:22:42,16.516666666666666,80,80,116.3594120292126,39.96337866036036,4310.038502820995,0,0,0,1,Pv3,pn,2
14,2008-12-18,00:28:54,00:32:18,3.4,78,85,116.34765051848228,39.985901182882884,2505.138289108911,0,0,0,1,Pv9,pn,3
14,2008-12-18,00:34:14,00:37:26,3.2,75,85,116.33000825238682,39.985901182882884,1002.0553194594767,0,0,0,1,Pv32,pn,4
14,2008-12-18,00:38:57,00:46:08,7.183333333333334,74,85,116.32412749702166,39.985901182882884,501.0276600021796,0,0,0,1,Pv10,pv,5
14,2008-12-18,03:16:07,03:20:59,4.866666666666666,75,87,116.33000825238682,39.99491019189189,1416.8619257128285,0,0,1,0,Pv75,pn,6
14,2008-12-18,03:34:40,03:44:21,9.683333333333334,67,99,116.28296220946555,40.048964245945946,7628.953823013873,0,0,0,1,Pv50,pn,7
14,2008-12-18,05:24:57,05:29:49,4.866666666666666,74,86,116.32412749702166,39.99040568738739,708.4426460356394,0,0,0,1,Pv28,home,8
14,2008-12-18,05:31:16,05:42:43,11.45,73,85,116.3182467416565,39.985901182882884,0.0,1,0,0,0,HOME,pn,0
14,2008-12-18,05:44:55,05:49:24,4.483333333333333,75,83,116.33000825238682,39.97689217387387,1416.9553785362662,0,0,0,1,Pv2,pn,9
14,2008-12-18,08:18:09,08:22:09,4.0,72,85,116.31236598629134,39.985901182882884,501.0276600021796,0,0,0,1,Pv34,pn,10
14,2008-12-18,08:41:22,08:46:26,5.066666666666666,58,67,116.23003541117913,39.9048201018018,11740.238106854358,0,0,0,1,Pv73,pv,11
14,2008-12-18,09:47:59,09:51:51,3.8666666666666667,68,84,116.2888429648307,39.98139667837838,2554.801449753141,0,0,1,0,Pv76,pv,12
14,2008-12-18,09:51:54,09:56:39,4.75,69,84,116.29472372019588,39.98139667837838,2065.817773765672,0,0,1,0,Pv77,pv,13
14,2008-12-18,09:57:56,10:04:01,6.083333333333333,70,85,116.30060447556103,39.985901182882884,1503.0829778248406,0,0,1,0,Pv78,pn,14
14,2008-12-18,10:04:03,10:10:07,6.066666666666666,71,85,116.30648523092619,39.985901182882884,1002.0553194573088,0,0,0,1,Pv74,pn,15
14,2008-12-18,13:24:46,13:29:25,4.65,58,67,116.23003541117913,39.9048201018018,11740.238106854358,0,0,0,1,Pv73,end,16
14,2008-12-19,08:56:59,09:04:23,7.4,75,83,116.33000825238682,39.97689217387387,1416.9553785362662,0,0,0,1,Pv2,pn,1
14,2008-12-19,09:05:44,09:09:20,3.6,76,81,116.33588900775197,39.967883164864865,2504.778499174311,0,0,0,1,Pv42,pn,2
14,2008-12-19,09:27:12,09:30:47,3.5833333333333335,78,85,116.34765051848228,39.985901182882884,2505.138289108911,0,0,0,1,Pv9,pn,3
14,2008-12-19,09:36:39,09:40:57,4.3,69,84,116.29472372019588,39.98139667837838,2065.817773765672,0,0,0,1,Pv77,pv,4
14,2008-12-19,09:41:28,09:44:43,3.25,69,83,116.29472372019588,39.97689217387387,2240.6481951788714,0,0,1,0,Pv79,end,5
14,2008-12-20,09:08:55,09:12:07,3.2,73,81,116.3182467416565,39.967883164864865,2003.5121917939814,0,0,0,1,Pv47,pv,1
14,2008-12-20,09:14:31,09:18:27,3.933333333333333,73,82,116.3182467416565,39.97238766936937,1502.6341438461934,0,0,1,0,Pv80,pn,2
14,2008-12-20,09:18:31,09:25:34,7.05,73,81,116.3182467416565,39.967883164864865,2003.5121917939814,0,0,0,1,Pv47,pv,3
14,2008-12-20,09:25:37,09:58:06,32.483333333333334,72,81,116.31236598629134,39.967883164864865,2065.225415671528,0,0,1,0,Pv81,pn,4
14,2008-12-20,09:58:08,10:01:50,3.7,72,82,116.31236598629134,39.97238766936937,1583.9784521820852,0,0,0,1,Pv59,pn,5
14,2008-12-20,10:02:27,10:10:12,7.75,73,82,116.3182467416565,39.97238766936937,1502.6341438461934,0,0,0,1,Pv80,pv,6
14,2008-12-20,10:46:26,11:07:02,20.6,75,84,116.33000825238682,39.98139667837838,1120.2945537497287,0,0,1,0,Pv82,pn,7
14,2008-12-20,11:42:01,11:59:37,17.6,75,84,116.33000825238682,39.98139667837838,1120.2945537497287,0,0,0,1,Pv82,pn,8
14,2008-12-20,12:07:57,12:12:27,4.5,82,87,116.37117353994292,39.99491019189189,4618.891548370556,0,0,0,1,Pv62,end,9
14,2008-12-22,06:06:37,06:10:13,3.6,75,82,116.33000825238682,39.97238766936937,1806.1624611478217,0,0,0,1,Pv19,pn,1
14,2008-12-22,06:10:18,06:13:52,3.566666666666667,75,83,116.33000825238682,39.97689217387387,1416.9553785362662,0,0,0,1,Pv2,pn,2
14,2008-12-22,06:16:46,06:24:28,7.7,72,83,116.31236598629134,39.97689217387387,1120.079056680754,0,0,0,1,Pv13,pn,3
14,2008-12-22,09:07:25,09:13:55,6.5,75,83,116.33000825238682,39.97689217387387,1416.9553785362662,0,0,0,1,Pv2,pn,4
14,2008-12-22,09:16:08,09:19:12,3.066666666666667,76,81,116.33588900775197,39.967883164864865,2504.778499174311,0,0,0,1,Pv42,end,5
14,2008-12-24,00:00:01,00:11:31,11.5,80,80,116.3594120292126,39.96337866036036,4310.038502820995,0,0,0,1,Pv3,pn,1
14,2008-12-24,00:19:11,00:22:57,3.7666666666666666,75,83,116.33000825238682,39.97689217387387,1416.9553785362662,0,0,0,1,Pv2,pn,2
14,2008-12-24,04:49:07,04:52:41,3.566666666666667,75,87,116.33000825238682,39.99491019189189,1416.8619257128285,0,0,0,1,Pv75,pn,3
14,2008-12-24,05:09:01,05:32:00,22.983333333333334,67,99,116.28296220946555,40.048964245945946,7628.953823013873,0,0,0,1,Pv50,pv,4
14,2008-12-24,05:35:50,05:40:43,4.883333333333334,70,96,116.30060447556103,40.03545073243243,5710.8630117761095,0,0,1,0,Pv83,pv,5
14,2008-12-24,05:54:33,06:01:34,7.016666666666667,72,86,116.31236598629134,39.99040568738739,708.4426460356394,0,0,1,0,Pv84,home,6
14,2008-12-24,07:55:14,08:34:07,38.88333333333333,73,85,116.3182467416565,39.985901182882884,0.0,1,0,0,0,HOME,home,0
14,2008-12-24,09:09:05,09:12:13,3.1333333333333333,73,85,116.3182467416565,39.985901182882884,0.0,1,0,0,0,HOME,pn,0
14,2008-12-24,09:15:42,09:21:42,6.0,75,83,116.33000825238682,39.97689217387387,1416.9553785362662,0,0,0,1,Pv2,pn,7
14,2008-12-24,09:24:34,09:28:35,4.016666666666667,76,81,116.33588900775197,39.967883164864865,2504.778499174311,0,0,0,1,Pv42,pv,8
14,2008-12-24,09:28:44,09:33:41,4.95,77,81,116.34176976311713,39.967883164864865,2834.004184668216,0,0,1,0,Pv85,pn,9
14,2008-12-24,09:39:22,09:49:42,10.333333333333334,80,80,116.3594120292126,39.96337866036036,4310.038502820995,0,0,0,1,Pv3,pv,10
14,2008-12-24,12:46:39,12:50:04,3.4166666666666665,113,102,116.5534769562628,40.06247775945946,21764.632878780707,0,0,1,0,Pv86,pn,11
14,2008-12-24,23:48:07,23:51:33,3.433333333333333,83,83,116.37705429530807,39.97689217387387,5109.76478220026,0,0,0,1,Pv21,end,12
14,2008-12-25,00:00:01,00:12:37,12.6,80,80,116.3594120292126,39.96337866036036,4310.038502820995,0,0,0,1,Pv3,pn,1
14,2008-12-25,00:18:50,00:22:21,3.5166666666666666,78,85,116.34765051848228,39.985901182882884,2505.138289108911,0,0,0,1,Pv9,home,2
14,2008-12-25,10:16:09,10:25:11,9.033333333333333,73,85,116.3182467416565,39.985901182882884,0.0,1,0,0,0,HOME,pn,0
14,2008-12-25,10:27:51,10:32:16,4.416666666666667,75,83,116.33000825238682,39.97689217387387,1416.9553785362662,0,0,0,1,Pv2,pn,3
14,2008-12-25,10:40:46,10:55:59,15.216666666666667,80,80,116.3594120292126,39.96337866036036,4310.038502820995,0,0,0,1,Pv3,end,4
14,2008-12-26,00:21:47,00:26:07,4.333333333333333,80,80,116.3594120292126,39.96337866036036,4310.038502820995,0,0,0,1,Pv3,pn,1
14,2008-12-26,00:29:02,00:34:40,5.633333333333334,80,80,116.3594120292126,39.96337866036036,4310.038502820995,0,0,0,1,Pv3,pn,2
14,2008-12-26,04:26:12,04:29:31,3.316666666666667,80,80,116.3594120292126,39.96337866036036,4310.038502820995,0,0,0,1,Pv3,pn,3
14,2008-12-26,04:35:21,04:38:24,3.05,82,85,116.37117353994292,39.985901182882884,4509.248874627205,0,0,0,1,Pv52,pv,4
14,2008-12-26,09:38:51,09:49:28,10.616666666666667,1,3,115.89483235536515,39.61653181351351,54728.94601208928,0,0,1,0,Pv87,pn,5
14,2008-12-26,09:50:33,10:03:19,12.766666666666667,1,3,115.89483235536515,39.61653181351351,54728.94601208928,0,0,0,1,Pv87,end,6
14,2009-01-12,02:03:25,02:43:40,40.25,73,85,116.3182467416565,39.985901182882884,0.0,1,0,0,0,HOME,home,0
14,2009-01-12,02:45:09,03:44:53,59.733333333333334,73,85,116.3182467416565,39.985901182882884,0.0,1,0,0,0,HOME,home,0
14,2009-01-12,05:11:09,05:31:28,20.316666666666666,73,85,116.3182467416565,39.985901182882884,0.0,1,0,0,0,HOME,home,0
14,2009-01-12,07:35:49,08:19:19,43.5,73,85,116.3182467416565,39.985901182882884,0.0,1,0,0,0,HOME,pn,0
14,2009-01-12,10:24:18,10:37:20,13.033333333333333,80,80,116.3594120292126,39.96337866036036,4310.038502820995,0,0,0,1,Pv3,pn,1
14,2009-01-12,10:48:35,10:52:53,4.3,83,88,116.37705429530807,39.99941469639639,5230.278585623788,0,0,0,1,Pv11,pn,2
14,2009-01-12,23:53:30,23:56:47,3.283333333333333,81,81,116.36529278457776,39.967883164864865,4481.5326939928655,0,0,0,1,Pv33,end,3
14,2009-01-13,00:00:11,00:12:26,12.25,80,80,116.3594120292126,39.96337866036036,4310.038502820995,0,0,0,1,Pv3,pv,1
14,2009-01-13,00:12:27,00:15:31,3.066666666666667,79,80,116.35353127384745,39.96337866036036,3913.052898882162,0,0,1,0,Pv88,pn,2
14,2009-01-13,00:18:53,00:22:26,3.55,78,85,116.34765051848228,39.985901182882884,2505.138289108911,0,0,0,1,Pv9,home,3
14,2009-01-13,02:07:34,02:38:12,30.633333333333333,73,85,116.3182467416565,39.985901182882884,0.0,1,0,0,0,HOME,pn,0
14,2009-01-13,06:02:52,06:17:34,14.7,75,83,116.33000825238682,39.97689217387387,1416.9553785362662,0,0,0,1,Pv2,pn,4
14,2009-01-13,06:21:37,06:32:29,10.866666666666667,72,85,116.31236598629134,39.985901182882884,501.0276600021796,0,0,0,1,Pv34,pv,5
14,2009-01-13,07:02:09,07:27:00,24.85,65,67,116.27120069873524,39.9048201018018,9867.60516536525,0,0,1,0,Pv89,pn,6
14,2009-01-13,07:35:08,07:47:10,12.033333333333333,65,67,116.27120069873524,39.9048201018018,9867.60516536525,0,0,0,1,Pv89,pn,7
14,2009-01-13,07:49:31,07:52:58,3.45,65,67,116.27120069873524,39.9048201018018,9867.60516536525,0,0,0,1,Pv89,pn,8
14,2009-01-13,07:53:30,08:08:11,14.683333333333334,65,67,116.27120069873524,39.9048201018018,9867.60516536525,0,0,0,1,Pv89,pn,9
14,2009-01-13,08:08:24,08:39:02,30.633333333333333,65,67,116.27120069873524,39.9048201018018,9867.60516536525,0,0,0,1,Pv89,pn,10
14,2009-01-13,08:41:14,08:45:12,3.966666666666667,65,67,116.27120069873524,39.9048201018018,9867.60516536525,0,0,0,1,Pv89,pn,11
14,2009-01-13,08:46:28,08:53:16,6.8,65,67,116.27120069873524,39.9048201018018,9867.60516536525,0,0,0,1,Pv89,pv,12
14,2009-01-13,08:53:29,09:03:16,9.783333333333333,64,67,116.26531994337009,39.9048201018018,10081.774726777128,0,0,1,0,Pv90,pn,13
14,2009-01-13,09:16:59,09:20:59,4.0,70,85,116.30060447556103,39.985901182882884,1503.0829778248406,0,0,0,1,Pv78,end,14
14,2009-01-14,05:13:02,05:16:24,3.3666666666666667,75,83,116.33000825238682,39.97689217387387,1416.9553785362662,0,0,0,1,Pv2,pn,1
14,2009-01-14,06:55:54,07:13:36,17.7,75,83,116.33000825238682,39.97689217387387,1416.9553785362662,0,0,0,1,Pv2,pn,2
14,2009-01-14,07:13:37,07:16:51,3.2333333333333334,75,82,116.33000825238682,39.97238766936937,1806.1624611478217,0,0,0,1,Pv19,pn,3
14,2009-01-14,07:24:09,07:28:11,4.033333333333333,74,86,116.32412749702166,39.99040568738739,708.4426460356394,0,0,0,1,Pv28,pv,4
14,2009-01-14,07:28:12,07:31:13,3.0166666666666666,73,86,116.3182467416565,39.99040568738739,500.878047947788,0,0,1,0,Pv91,pn,5
14,2009-01-14,12:28:40,12:32:58,4.3,75,83,116.33000825238682,39.97689217387387,1416.9553785362662,0,0,0,1,Pv2,end,6
14,2009-01-15,00:01:23,00:12:36,11.216666666666667,80,80,116.3594120292126,39.96337866036036,4310.038502820995,0,0,0,1,Pv3,pn,1
14,2009-01-15,11:01:27,11:04:39,3.2,77,85,116.34176976311713,39.985901182882884,2004.1106345577248,0,0,0,1,Pv48,pn,2
14,2009-01-15,11:11:50,11:42:15,30.416666666666668,80,80,116.3594120292126,39.96337866036036,4310.038502820995,0,0,0,1,Pv3,end,3
14,2009-01-16,04:26:57,04:29:58,3.0166666666666666,75,83,116.33000825238682,39.97689217387387,1416.9553785362662,0,0,0,1,Pv2,pn,1
14,2009-01-16,09:59:23,10:04:06,4.716666666666667,75,83,116.33000825238682,39.97689217387387,1416.9553785362662,0,0,0,1,Pv2,pn,2
14,2009-01-16,11:07:59,12:10:13,62.233333333333334,75,82,116.33000825238682,39.97238766936937,1806.1624611478217,0,0,0,1,Pv19,end,3
14,2009-01-17,04:42:56,04:54:14,11.3,83,88,116.37705429530807,39.99941469639639,5230.278585623788,0,0,0,1,Pv11,end,1
14,2009-01-19,01:36:48,01:39:52,3.066666666666667,73,85,116.3182467416565,39.985901182882884,0.0,1,0,0,0,HOME,end,0
14,2009-01-20,00:48:38,00:51:47,3.15,75,85,116.33000825238682,39.985901182882884,1002.0553194594767,0,0,0,1,Pv32,pn,1
14,2009-01-20,06:03:50,06:07:15,3.4166666666666665,74,84,116.32412749702166,39.98139667837838,708.4660092416862,0,0,0,1,Pv25,home,2
14,2009-01-20,06:07:28,06:22:38,15.166666666666666,73,85,116.3182467416565,39.985901182882884,0.0,1,0,0,0,HOME,end,0
14,2009-01-21,00:14:25,00:21:48,7.383333333333334,72,84,116.31236598629134,39.98139667837838,708.4660092416862,0,0,1,0,Pv92,pv,1
14,2009-01-21,00:26:04,00:30:33,4.483333333333333,68,87,116.2888429648307,39.99491019189189,2697.852012863152,0,0,1,0,Pv93,pn,2
14,2009-01-21,06:52:58,06:59:47,6.816666666666666,83,88,116.37705429530807,39.99941469639639,5230.278585623788,0,0,0,1,Pv11,end,3
14,2009-01-22,03:10:37,03:16:12,5.583333333333333,82,80,116.37117353994292,39.96337866036036,5158.681837782365,0,0,1,0,Pv94,pn,1
14,2009-01-22,04:57:48,05:02:10,4.366666666666666,77,79,116.34176976311713,39.95887415585585,3612.4348558840034,0,0,0,1,Pv24,pn,2
14,2009-01-22,05:10:15,05:17:03,6.8,75,82,116.33000825238682,39.97238766936937,1806.1624611478217,0,0,0,1,Pv19,pn,3
14,2009-01-22,07:22:58,07:27:16,4.3,75,83,116.33000825238682,39.97689217387387,1416.9553785362662,0,0,0,1,Pv2,pn,4
14,2009-01-22,07:29:33,07:32:35,3.033333333333333,76,81,116.33588900775197,39.967883164864865,2504.778499174311,0,0,0,1,Pv42,pn,5
14,2009-01-22,07:49:58,07:53:18,3.3333333333333335,76,81,116.33588900775197,39.967883164864865,2504.778499174311,0,0,0,1,Pv42,pn,6
14,2009-01-22,10:19:26,10:22:38,3.2,76,81,116.33588900775197,39.967883164864865,2504.778499174311,0,0,0,1,Pv42,end,7
14,2009-01-23,09:55:22,09:59:42,4.333333333333333,83,88,116.37705429530807,39.99941469639639,5230.278585623788,0,0,0,1,Pv11,end,1
14,2009-01-24,03:25:45,03:29:57,4.2,83,88,116.37705429530807,39.99941469639639,5230.278585623788,0,0,0,1,Pv11,end,1
14,2009-01-25,01:29:10,01:52:24,23.233333333333334,65,66,116.27120069873524,39.90031559729729,10327.303911848243,0,0,1,0,Pv95,pn,1
14,2009-01-25,03:17:29,03:20:49,3.3333333333333335,65,67,116.27120069873524,39.9048201018018,9867.60516536525,0,0,0,1,Pv89,end,2
14,2009-01-28,02:04:15,02:07:41,3.433333333333333,159,164,116.82399170306005,40.34175703873874,58417.83376192346,0,0,1,0,Pv96,pv,1
14,2009-01-28,02:13:48,02:21:09,7.35,164,163,116.85339547988583,40.33725253423423,59953.24961958923,0,0,1,0,Pv97,pv,2
14,2009-01-28,02:21:20,02:31:15,9.916666666666666,164,162,116.85339547988583,40.33274802972973,59629.218108148656,0,0,1,0,Pv98,pn,3
14,2009-01-28,03:06:14,03:20:00,13.766666666666667,164,162,116.85339547988583,40.33274802972973,59629.218108148656,0,0,0,1,Pv98,pn,4
14,2009-01-28,03:22:04,05:10:02,107.96666666666667,164,162,116.85339547988583,40.33274802972973,59629.218108148656,0,0,0,1,Pv98,pn,5
14,2009-01-28,05:18:04,05:21:54,3.8333333333333335,164,162,116.85339547988583,40.33274802972973,59629.218108148656,0,0,0,1,Pv98,pn,6
14,2009-01-28,06:54:18,07:00:14,5.933333333333334,164,162,116.85339547988583,40.33274802972973,59629.218108148656,0,0,0,1,Pv98,pn,7
14,2009-01-28,07:04:12,07:42:59,38.78333333333333,164,162,116.85339547988583,40.33274802972973,59629.218108148656,0,0,0,1,Pv98,pn,8
14,2009-01-28,07:43:21,09:09:39,86.3,164,162,116.85339547988583,40.33274802972973,59629.218108148656,0,0,0,1,Pv98,pn,9
14,2009-01-28,09:09:40,09:34:02,24.366666666666667,164,163,116.85339547988583,40.33725253423423,59953.24961958923,0,0,0,1,Pv97,pn,10
14,2009-01-28,10:11:17,10:15:58,4.683333333333334,110,122,116.53583469016733,40.15256784954955,26196.79138778279,0,0,0,1,Pv30,end,11
14,2009-01-29,06:09:01,06:25:13,16.2,105,106,116.50643091334155,40.08049577747747,19165.977834220994,0,0,1,0,Pv99,pn,1
14,2009-01-29,07:03:51,09:06:28,122.61666666666666,105,106,116.50643091334155,40.08049577747747,19165.977834220994,0,0,0,1,Pv99,pn,2
14,2009-01-29,09:19:57,10:03:42,43.75,110,121,116.53583469016733,40.148063345045045,25845.317492543032,0,0,0,1,Pv26,pn,3
14,2009-01-29,10:30:49,10:37:53,7.066666666666666,110,121,116.53583469016733,40.148063345045045,25845.317492543032,0,0,0,1,Pv26,pn,4
14,2009-01-29,10:41:03,11:04:00,22.95,110,121,116.53583469016733,40.148063345045045,25845.317492543032,0,0,0,1,Pv26,end,5
14,2009-01-31,02:12:11,03:26:29,74.3,79,88,116.35353127384745,39.99941469639639,3360.5290173725834,0,0,1,0,Pv100,pn,1
14,2009-01-31,04:17:22,04:20:49,3.45,78,85,116.34765051848228,39.985901182882884,2505.138289108911,0,0,0,1,Pv9,pv,2
14,2009-01-31,04:24:21,04:57:21,33.0,84,84,116.38293505067324,39.98139667837838,5534.1986633104725,0,0,1,0,Pv101,end,3
14,2009-02-06,04:49:14,04:53:35,4.35,75,83,116.33000825238682,39.97689217387387,1416.9553785362662,0,0,0,1,Pv2,pn,1
14,2009-02-06,11:48:34,11:52:35,4.016666666666667,75,83,116.33000825238682,39.97689217387387,1416.9553785362662,0,0,0,1,Pv2,end,2
14,2009-02-08,06:29:13,06:35:37,6.4,110,121,116.53583469016733,40.148063345045045,25845.317492543032,0,0,0,1,Pv26,pv,1
14,2009-02-08,07:03:16,07:19:04,15.8,83,92,116.37705429530807,40.01743271441441,6114.2737970592225,0,0,1,0,Pv102,pn,2
14,2009-02-08,23:33:21,23:45:49,12.466666666666667,79,88,116.35353127384745,39.99941469639639,3360.5290173725834,0,0,0,1,Pv100,pv,3
14,2009-02-08,23:56:38,23:59:56,3.3,79,84,116.35353127384745,39.98139667837838,3047.7054201911556,0,0,1,0,Pv103,end,4
14,2009-02-09,04:50:15,04:54:20,4.083333333333333,79,84,116.35353127384745,39.98139667837838,3047.7054201911556,0,0,0,1,Pv103,pn,1
14,2009-02-09,05:02:48,05:08:35,5.783333333333333,79,88,116.35353127384745,39.99941469639639,3360.5290173725834,0,0,0,1,Pv100,home,2
14,2009-02-09,05:16:16,05:30:53,14.616666666666667,73,85,116.3182467416565,39.985901182882884,0.0,1,0,0,0,HOME,home,0
14,2009-02-09,09:27:16,09:39:29,12.216666666666667,73,85,116.3182467416565,39.985901182882884,0.0,1,0,0,0,HOME,pn,0
14,2009-02-09,10:33:47,10:42:16,8.483333333333333,75,82,116.33000825238682,39.97238766936937,1806.1624611478217,0,0,0,1,Pv19,pn,3
14,2009-02-09,10:42:18,11:01:38,19.333333333333332,75,81,116.33000825238682,39.967883164864865,2240.187662016129,0,0,0,1,Pv12,pn,4
14,2009-02-09,11:01:40,11:25:53,24.216666666666665,75,82,116.33000825238682,39.97238766936937,1806.1624611478217,0,0,0,1,Pv19,end,5
14,2009-02-10,04:54:15,04:57:57,3.7,75,83,116.33000825238682,39.97689217387387,1416.9553785362662,0,0,0,1,Pv2,end,1
14,2009-02-11,04:59:19,05:07:35,8.266666666666667,72,82,116.31236598629134,39.97238766936937,1583.9784521820852,0,0,0,1,Pv59,pn,1
14,2009-02-11,05:08:10,05:11:15,3.0833333333333335,72,83,116.31236598629134,39.97689217387387,1120.079056680754,0,0,0,1,Pv13,pn,2
14,2009-02-11,07:42:41,07:45:54,3.216666666666667,74,84,116.32412749702166,39.98139667837838,708.4660092416862,0,0,0,1,Pv25,pv,3
14,2009-02-11,07:49:55,07:54:02,4.116666666666666,75,86,116.33000825238682,39.99040568738739,1120.2354542898192,0,0,1,0,Pv104,pn,4
14,2009-02-11,09:02:33,09:06:00,3.45,75,83,116.33000825238682,39.97689217387387,1416.9553785362662,0,0,0,1,Pv2,pn,5
14,2009-02-11,10:29:55,10:34:52,4.95,75,83,116.33000825238682,39.97689217387387,1416.9553785362662,0,0,0,1,Pv2,end,6
14,2009-02-13,03:45:13,03:54:38,9.416666666666666,75,83,116.33000825238682,39.97689217387387,1416.9553785362662,0,0,0,1,Pv2,pv,1
14,2009-02-13,04:03:22,04:07:22,4.0,76,88,116.33588900775197,39.99941469639639,2125.257835875879,0,0,1,0,Pv105,pv,2
14,2009-02-13,05:12:10,05:17:10,5.0,75,88,116.33000825238682,39.99941469639639,1806.0524891921812,0,0,1,0,Pv106,pv,3
14,2009-02-13,05:33:03,05:47:37,14.566666666666666,76,87,116.33588900775197,39.99491019189189,1806.2324777058814,0,0,1,0,Pv107,pv,4
14,2009-02-13,05:47:39,05:51:15,3.6,76,86,116.33588900775197,39.99040568738739,1584.2942550584419,0,0,1,0,Pv108,pn,5
14,2009-02-13,06:01:38,06:07:47,6.15,75,82,116.33000825238682,39.97238766936937,1806.1624611478217,0,0,0,1,Pv19,pn,6
14,2009-02-13,06:12:46,06:18:49,6.05,73,84,116.3182467416565,39.98139667837838,500.87804794849535,0,0,0,1,Pv1,home,7
14,2009-02-13,06:18:51,06:25:18,6.45,73,85,116.3182467416565,39.985901182882884,0.0,1,0,0,0,HOME,pn,0
14,2009-02-13,06:25:19,06:40:12,14.883333333333333,73,84,116.3182467416565,39.98139667837838,500.87804794849535,0,0,0,1,Pv1,pn,8
14,2009-02-13,08:43:21,08:47:37,4.266666666666667,73,83,116.3182467416565,39.97689217387387,1001.756095897698,0,0,0,1,Pv20,pn,9
14,2009-02-13,09:06:41,09:10:10,3.4833333333333334,78,85,116.34765051848228,39.985901182882884,2505.138289108911,0,0,0,1,Pv9,pn,10
14,2009-02-13,09:15:51,09:19:09,3.3,69,83,116.29472372019588,39.97689217387387,2240.6481951788714,0,0,0,1,Pv79,pn,11
14,2009-02-13,09:19:12,09:22:56,3.7333333333333334,69,82,116.29472372019588,39.97238766936937,2505.027587870656,0,0,0,1,Pv15,pn,12
14,2009-02-13,09:25:53,09:28:55,3.033333333333333,68,80,116.2888429648307,39.96337866036036,3542.563615203069,0,0,0,1,Pv16,pn,13
14,2009-02-13,12:05:49,12:26:50,21.016666666666666,68,80,116.2888429648307,39.96337866036036,3542.563615203069,0,0,0,1,Pv16,pn,14
14,2009-02-13,12:35:38,12:38:55,3.283333333333333,73,83,116.3182467416565,39.97689217387387,1001.756095897698,0,0,0,1,Pv20,end,15
14,2009-02-15,00:29:41,00:58:21,28.666666666666668,83,88,116.37705429530807,39.99941469639639,5230.278585623788,0,0,0,1,Pv11,pn,1
14,2009-02-15,01:29:00,01:36:23,7.383333333333334,110,122,116.53583469016733,40.15256784954955,26196.79138778279,0,0,0,1,Pv30,pn,2
14,2009-02-15,01:38:10,01:41:16,3.1,110,122,116.53583469016733,40.15256784954955,26196.79138778279,0,0,0,1,Pv30,pn,3
14,2009-02-15,01:41:50,01:59:58,18.133333333333333,110,121,116.53583469016733,40.148063345045045,25845.317492543032,0,0,0,1,Pv26,pn,4
14,2009-02-15,02:38:39,02:42:20,3.683333333333333,164,163,116.85339547988583,40.33725253423423,59953.24961958923,0,0,0,1,Pv97,end,5
14,2009-02-17,03:11:22,03:21:28,10.1,80,80,116.3594120292126,39.96337866036036,4310.038502820995,0,0,0,1,Pv3,pn,1
14,2009-02-17,03:26:24,03:32:00,5.6,78,85,116.34765051848228,39.985901182882884,2505.138289108911,0,0,0,1,Pv9,pv,2
14,2009-02-17,08:54:14,08:58:13,3.9833333333333334,87,88,116.4005773167687,39.99941469639639,7172.851657135465,0,0,1,0,Pv109,pn,3
14,2009-02-17,11:37:59,11:41:44,3.75,87,88,116.4005773167687,39.99941469639639,7172.851657135465,0,0,0,1,Pv109,end,4
14,2009-02-18,06:36:49,07:10:13,33.4,73,85,116.3182467416565,39.985901182882884,0.0,1,0,0,0,HOME,pv,0
14,2009-02-18,08:43:42,08:47:06,3.4,81,83,116.36529278457776,39.97689217387387,4131.763695046997,0,0,1,0,Pv110,pn,1
14,2009-02-18,08:52:32,08:56:17,3.75,83,82,116.37705429530807,39.97238766936937,5231.227880893313,0,0,0,1,Pv22,pv,2
14,2009-02-18,08:57:32,09:16:21,18.816666666666666,82,82,116.37117353994292,39.97238766936937,4753.446800508745,0,0,1,0,Pv111,pn,3
14,2009-02-18,11:08:40,11:24:28,15.8,80,80,116.3594120292126,39.96337866036036,4310.038502820995,0,0,0,1,Pv3,pn,4
14,2009-02-18,23:37:27,23:41:21,3.9,79,88,116.35353127384745,39.99941469639639,3360.5290173725834,0,0,0,1,Pv100,pv,5
14,2009-02-18,23:48:30,23:56:53,8.383333333333333,80,87,116.3594120292126,39.99491019189189,3647.231823673515,0,0,1,0,Pv112,end,6
14,2009-02-19,00:02:10,00:05:54,3.7333333333333334,81,84,116.36529278457776,39.98139667837838,4039.5266506543107,0,0,1,0,Pv113,pn,1
14,2009-02-19,00:08:36,00:12:34,3.966666666666667,79,84,116.35353127384745,39.98139667837838,3047.7054201911556,0,0,0,1,Pv103,home,2
14,2009-02-19,02:54:00,03:09:00,15.0,73,85,116.3182467416565,39.985901182882884,0.0,1,0,0,0,HOME,pn,0
14,2009-02-19,03:09:01,03:12:56,3.9166666666666665,72,85,116.31236598629134,39.985901182882884,501.0276600021796,0,0,0,1,Pv34,pn,3
14,2009-02-19,08:54:38,08:57:43,3.0833333333333335,75,83,116.33000825238682,39.97689217387387,1416.9553785362662,0,0,0,1,Pv2,end,4
14,2009-02-20,00:24:58,00:30:42,5.733333333333333,73,85,116.3182467416565,39.985901182882884,0.0,1,0,0,0,HOME,pv,0
14,2009-02-20,04:55:10,05:00:23,5.216666666666667,82,83,116.37117353994292,39.97689217387387,4619.472037715818,0,0,1,0,Pv114,pv,1
14,2009-02-20,05:00:28,05:07:04,6.6,82,84,116.37117353994292,39.98139667837838,4537.129586341743,0,0,1,0,Pv115,home,2
14,2009-02-20,05:15:23,07:00:37,105.23333333333333,73,85,116.3182467416565,39.985901182882884,0.0,1,0,0,0,HOME,pn,0
14,2009-02-20,08:52:58,09:08:23,15.416666666666666,80,80,116.3594120292126,39.96337866036036,4310.038502820995,0,0,0,1,Pv3,pn,3
14,2009-02-20,09:19:22,09:23:36,4.233333333333333,78,85,116.34765051848228,39.985901182882884,2505.138289108911,0,0,0,1,Pv9,pn,4
14,2009-02-20,09:29:22,09:35:55,6.55,69,84,116.29472372019588,39.98139667837838,2065.817773765672,0,0,0,1,Pv77,pn,5
14,2009-02-20,09:36:06,09:41:32,5.433333333333334,69,83,116.29472372019588,39.97689217387387,2240.6481951788714,0,0,0,1,Pv79,pv,6
14,2009-02-20,09:42:37,09:45:50,3.216666666666667,68,82,116.2888429648307,39.97238766936937,2921.449722956932,0,0,1,0,Pv116,end,7
14,2009-02-22,23:39:43,23:44:24,4.683333333333334,110,121,116.53583469016733,40.148063345045045,25845.317492543032,0,0,0,1,Pv26,end,1
14,2009-02-23,00:11:06,00:14:06,3.0,83,88,116.37705429530807,39.99941469639639,5230.278585623788,0,0,0,1,Pv11,pn,1
14,2009-02-23,00:21:54,00:25:01,3.1166666666666667,83,83,116.37705429530807,39.97689217387387,5109.76478220026,0,0,0,1,Pv21,pn,2
14,2009-02-23,00:31:41,00:41:56,10.25,80,80,116.3594120292126,39.96337866036036,4310.038502820995,0,0,0,1,Pv3,pn,3
14,2009-02-23,00:46:38,00:51:22,4.733333333333333,78,85,116.34765051848228,39.985901182882884,2505.138289108911,0,0,0,1,Pv9,pn,4
14,2009-02-23,00:53:41,00:57:18,3.6166666666666667,75,85,116.33000825238682,39.985901182882884,1002.0553194594767,0,0,0,1,Pv32,home,5
14,2009-02-23,08:11:46,09:04:59,53.21666666666667,73,85,116.3182467416565,39.985901182882884,0.0,1,0,0,0,HOME,pn,0
14,2009-02-23,11:16:31,11:31:30,14.983333333333333,80,80,116.3594120292126,39.96337866036036,4310.038502820995,0,0,0,1,Pv3,end,6
14,2009-02-24,00:30:51,00:35:44,4.883333333333334,77,69,116.34176976311713,39.91382911081081,8261.093887096331,0,0,1,0,Pv117,pv,1
14,2009-02-24,01:24:34,01:28:40,4.1,80,65,116.3594120292126,39.89581109279279,10614.525191117156,0,0,1,0,Pv118,home,2
14,2009-02-24,01:57:05,03:23:17,86.2,73,85,116.3182467416565,39.985901182882884,0.0,1,0,0,0,HOME,pv,0
14,2009-02-24,05:42:55,05:47:05,4.166666666666667,81,66,116.36529278457776,39.90031559729729,10327.303911848243,0,0,1,0,Pv119,pv,3
14,2009-02-24,05:48:22,05:51:57,3.5833333333333335,82,66,116.37117353994292,39.90031559729729,10532.143043288841,0,0,1,0,Pv120,pn,4
14,2009-02-24,08:45:24,08:49:51,4.45,78,85,116.34765051848228,39.985901182882884,2505.138289108911,0,0,0,1,Pv9,pn,5
14,2009-02-24,09:55:30,10:00:31,5.016666666666667,75,83,116.33000825238682,39.97689217387387,1416.9553785362662,0,0,0,1,Pv2,pn,6
14,2009-02-24,11:48:24,11:55:45,7.35,80,80,116.3594120292126,39.96337866036036,4310.038502820995,0,0,0,1,Pv3,end,7
14,2009-02-25,23:40:06,23:43:12,3.1,83,83,116.37705429530807,39.97689217387387,5109.76478220026,0,0,0,1,Pv21,pn,1
14,2009-02-25,23:43:14,23:46:46,3.533333333333333,83,82,116.37705429530807,39.97238766936937,5231.227880893313,0,0,0,1,Pv22,pn,2
14,2009-02-25,23:53:36,23:58:59,5.383333333333334,80,80,116.3594120292126,39.96337866036036,4310.038502820995,0,0,0,1,Pv3,end,3
14,2009-02-26,00:19:44,00:25:39,5.916666666666667,78,85,116.34765051848228,39.985901182882884,2505.138289108911,0,0,0,1,Pv9,pn,1
14,2009-02-26,15:19:41,15:25:55,6.233333333333333,75,83,116.33000825238682,39.97689217387387,1416.9553785362662,0,0,0,1,Pv2,pn,2
14,2009-02-26,15:25:57,15:30:08,4.183333333333334,75,82,116.33000825238682,39.97238766936937,1806.1624611478217,0,0,0,1,Pv19,pv,3
14,2009-02-26,15:44:58,15:48:07,3.15,90,83,116.41821958286418,39.97689217387387,8576.734400267964,0,0,1,0,Pv121,end,4
14,2009-02-27,04:25:04,04:29:37,4.55,84,84,116.38293505067324,39.98139667837838,5534.1986633104725,0,0,0,1,Pv101,home,1
14,2009-02-27,07:38:25,07:41:33,3.1333333333333333,73,85,116.3182467416565,39.985901182882884,0.0,1,0,0,0,HOME,pn,0
14,2009-02-27,07:43:57,07:47:47,3.8333333333333335,75,83,116.33000825238682,39.97689217387387,1416.9553785362662,0,0,0,1,Pv2,pn,2
14,2009-02-27,08:54:57,08:57:57,3.0,76,81,116.33588900775197,39.967883164864865,2504.778499174311,0,0,0,1,Pv42,pn,3
14,2009-02-27,09:11:28,09:15:21,3.8833333333333333,75,83,116.33000825238682,39.97689217387387,1416.9553785362662,0,0,0,1,Pv2,pn,4
14,2009-02-27,09:16:13,09:22:18,6.083333333333333,73,83,116.3182467416565,39.97689217387387,1001.756095897698,0,0,0,1,Pv20,pn,5
14,2009-02-27,09:29:14,09:36:55,7.683333333333334,74,86,116.32412749702166,39.99040568738739,708.4426460356394,0,0,0,1,Pv28,pn,6
14,2009-02-27,10:46:18,10:49:50,3.533333333333333,74,86,116.32412749702166,39.99040568738739,708.4426460356394,0,0,0,1,Pv28,pn,7
14,2009-02-27,10:49:52,10:53:15,3.3833333333333333,74,85,116.32412749702166,39.985901182882884,501.0276600021796,0,0,0,1,Pv10,pn,8
14,2009-02-27,10:53:52,10:58:48,4.933333333333334,75,83,116.33000825238682,39.97689217387387,1416.9553785362662,0,0,0,1,Pv2,pn,9
14,2009-02-27,11:01:26,11:04:27,3.0166666666666666,75,81,116.33000825238682,39.967883164864865,2240.187662016129,0,0,0,1,Pv12,pv,10
14,2009-02-27,11:11:47,11:15:02,3.25,69,79,116.29472372019588,39.95887415585585,3612.434855882801,0,0,1,0,Pv122,end,11
14,2009-03-02,02:03:51,02:06:56,3.0833333333333335,83,83,116.37705429530807,39.97689217387387,5109.76478220026,0,0,0,1,Pv21,pn,1
14,2009-03-02,02:10:29,02:13:29,3.0,81,81,116.36529278457776,39.967883164864865,4481.5326939928655,0,0,0,1,Pv33,pn,2
14,2009-03-02,02:14:26,02:22:55,8.483333333333333,80,80,116.3594120292126,39.96337866036036,4310.038502820995,0,0,0,1,Pv3,pn,3
14,2009-03-02,02:28:19,02:32:45,4.433333333333334,78,85,116.34765051848228,39.985901182882884,2505.138289108911,0,0,0,1,Pv9,pn,4
14,2009-03-02,08:11:44,08:14:54,3.1666666666666665,74,84,116.32412749702166,39.98139667837838,708.4660092416862,0,0,0,1,Pv25,pn,5
14,2009-03-02,09:16:34,09:24:29,7.916666666666667,75,81,116.33000825238682,39.967883164864865,2240.187662016129,0,0,0,1,Pv12,end,6
14,2009-03-03,07:18:14,07:21:30,3.2666666666666666,80,66,116.3594120292126,39.90031559729729,10143.128760250265,0,0,1,0,Pv123,pn,1
14,2009-03-03,07:40:39,07:45:08,4.483333333333333,75,82,116.33000825238682,39.97238766936937,1806.1624611478217,0,0,0,1,Pv19,pn,2
14,2009-03-03,11:09:47,11:22:56,13.15,80,80,116.3594120292126,39.96337866036036,4310.038502820995,0,0,0,1,Pv3,pn,3
14,2009-03-03,23:44:53,23:50:11,5.3,81,81,116.36529278457776,39.967883164864865,4481.5326939928655,0,0,0,1,Pv33,pn,4
14,2009-03-03,23:51:25,23:56:10,4.75,80,80,116.3594120292126,39.96337866036036,4310.038502820995,0,0,0,1,Pv3,end,5
14,2009-03-04,00:01:28,00:06:04,4.6,80,80,116.3594120292126,39.96337866036036,4310.038502820995,0,0,0,1,Pv3,pn,1
14,2009-03-04,00:12:39,00:15:49,3.1666666666666665,78,85,116.34765051848228,39.985901182882884,2505.138289108911,0,0,0,1,Pv9,home,2
14,2009-03-04,03:40:16,03:43:34,3.3,73,85,116.3182467416565,39.985901182882884,0.0,1,0,0,0,HOME,pn,0
14,2009-03-04,03:46:20,03:49:51,3.5166666666666666,75,83,116.33000825238682,39.97689217387387,1416.9553785362662,0,0,0,1,Pv2,pn,3
14,2009-03-04,03:49:54,03:53:01,3.1166666666666667,75,82,116.33000825238682,39.97238766936937,1806.1624611478217,0,0,0,1,Pv19,pn,4
14,2009-03-04,03:53:03,03:57:51,4.8,75,83,116.33000825238682,39.97689217387387,1416.9553785362662,0,0,0,1,Pv2,pn,5
14,2009-03-04,05:25:44,05:33:47,8.05,75,83,116.33000825238682,39.97689217387387,1416.9553785362662,0,0,0,1,Pv2,pn,6
14,2009-03-04,11:29:35,11:44:30,14.916666666666666,80,80,116.3594120292126,39.96337866036036,4310.038502820995,0,0,0,1,Pv3,pn,7
14,2009-03-04,23:53:08,23:56:34,3.433333333333333,83,83,116.37705429530807,39.97689217387387,5109.76478220026,0,0,0,1,Pv21,end,8
14,2009-03-05,00:02:10,00:17:02,14.866666666666667,80,80,116.3594120292126,39.96337866036036,4310.038502820995,0,0,0,1,Pv3,pn,1
14,2009-03-05,00:23:18,00:28:54,5.6,78,85,116.34765051848228,39.985901182882884,2505.138289108911,0,0,0,1,Pv9,pv,2
14,2009-03-05,08:08:15,08:15:15,7.0,71,87,116.30648523092619,39.99491019189189,1416.8619257112955,0,0,1,0,Pv124,pn,3
14,2009-03-05,08:17:26,08:38:26,21.0,72,86,116.31236598629134,39.99040568738739,708.4426460356394,0,0,0,1,Pv84,pn,4
14,2009-03-05,14:32:38,14:38:09,5.516666666666667,110,122,116.53583469016733,40.15256784954955,26196.79138778279,0,0,0,1,Pv30,pv,5
14,2009-03-05,23:49:30,23:52:47,3.283333333333333,80,86,116.3594120292126,39.99040568738739,3542.6649053135484,0,0,1,0,Pv125,end,6
14,2009-03-06,06:16:14,06:22:38,6.4,73,86,116.3182467416565,39.99040568738739,500.878047947788,0,0,0,1,Pv91,end,1
14,2009-03-09,00:27:18,00:31:43,4.416666666666667,75,85,116.33000825238682,39.985901182882884,1002.0553194594767,0,0,0,1,Pv32,pn,1
14,2009-03-09,05:52:25,07:23:04,90.65,77,83,116.34176976311713,39.97689217387387,2240.6481951808105,0,0,0,1,Pv51,home,2
14,2009-03-09,07:30:39,07:40:48,10.15,73,85,116.3182467416565,39.985901182882884,0.0,1,0,0,0,HOME,pn,0
14,2009-03-09,23:44:40,23:47:46,3.1,83,83,116.37705429530807,39.97689217387387,5109.76478220026,0,0,0,1,Pv21,pn,3
14,2009-03-09,23:50:41,23:54:34,3.8833333333333333,81,81,116.36529278457776,39.967883164864865,4481.5326939928655,0,0,0,1,Pv33,pn,4
14,2009-03-09,23:56:31,23:59:53,3.3666666666666667,80,80,116.3594120292126,39.96337866036036,4310.038502820995,0,0,0,1,Pv3,end,5
14,2009-03-10,00:00:00,00:11:15,11.25,80,80,116.3594120292126,39.96337866036036,4310.038502820995,0,0,0,1,Pv3,pn,1
14,2009-03-10,00:19:13,00:22:39,3.433333333333333,78,85,116.34765051848228,39.985901182882884,2505.138289108911,0,0,0,1,Pv9,pv,2
14,2009-03-10,05:57:24,06:00:28,3.066666666666667,78,77,116.34765051848228,39.94986514684685,4726.020713406789,0,0,1,0,Pv126,pv,3
14,2009-03-10,06:01:45,06:10:59,9.233333333333333,78,76,116.34765051848228,39.945360642342344,5157.5794011756225,0,0,1,0,Pv127,pv,4
14,2009-03-10,06:11:02,06:24:01,12.983333333333333,78,75,116.34765051848228,39.94085613783784,5600.690706268828,0,0,1,0,Pv128,pv,5
14,2009-03-10,06:24:04,06:28:42,4.633333333333334,78,74,116.34765051848228,39.93635163333333,6052.817947626939,0,0,1,0,Pv129,pv,6
14,2009-03-10,06:28:45,06:33:06,4.35,78,73,116.34765051848228,39.93184712882883,6512.083494467603,0,0,1,0,Pv130,pn,7
14,2009-03-10,06:40:28,06:43:44,3.2666666666666666,78,85,116.34765051848228,39.985901182882884,2505.138289108911,0,0,0,1,Pv9,pn,8
14,2009-03-10,12:10:45,12:17:16,6.516666666666667,75,83,116.33000825238682,39.97689217387387,1416.9553785362662,0,0,0,1,Pv2,end,9
14,2009-03-11,00:43:24,00:46:43,3.316666666666667,75,83,116.33000825238682,39.97689217387387,1416.9553785362662,0,0,0,1,Pv2,pn,1
14,2009-03-11,00:46:45,00:50:20,3.5833333333333335,75,82,116.33000825238682,39.97238766936937,1806.1624611478217,0,0,0,1,Pv19,pn,2
14,2009-03-11,02:37:03,03:27:21,50.3,75,83,116.33000825238682,39.97689217387387,1416.9553785362662,0,0,0,1,Pv2,pn,3
14,2009-03-11,04:34:31,04:37:40,3.15,75,83,116.33000825238682,39.97689217387387,1416.9553785362662,0,0,0,1,Pv2,pn,4
14,2009-03-11,04:37:52,04:45:10,7.3,74,84,116.32412749702166,39.98139667837838,708.4660092416862,0,0,0,1,Pv25,pn,5
14,2009-03-11,07:41:12,07:44:35,3.3833333333333333,82,66,116.37117353994292,39.90031559729729,10532.143043288841,0,0,0,1,Pv120,pn,6
14,2009-03-11,07:46:08,07:50:48,4.666666666666667,80,66,116.3594120292126,39.90031559729729,10143.128760250265,0,0,0,1,Pv123,pn,7
14,2009-03-11,08:07:49,08:12:06,4.283333333333333,78,85,116.34765051848228,39.985901182882884,2505.138289108911,0,0,0,1,Pv9,pn,8
14,2009-03-11,08:33:20,08:41:53,8.55,67,99,116.28296220946555,40.048964245945946,7628.953823013873,0,0,0,1,Pv50,pv,9
14,2009-03-11,08:43:01,08:52:48,9.783333333333333,68,98,116.2888429648307,40.04445974144144,6976.3068120607995,0,0,1,0,Pv131,pn,10
14,2009-03-11,09:09:20,09:14:06,4.766666666666667,72,86,116.31236598629134,39.99040568738739,708.4426460356394,0,0,0,1,Pv84,pn,11
14,2009-03-11,11:12:02,11:17:24,5.366666666666666,75,83,116.33000825238682,39.97689217387387,1416.9553785362662,0,0,0,1,Pv2,pn,12
14,2009-03-11,11:26:00,11:42:35,16.583333333333332,80,80,116.3594120292126,39.96337866036036,4310.038502820995,0,0,0,1,Pv3,end,13
14,2009-03-12,00:04:20,00:16:22,12.033333333333333,80,80,116.3594120292126,39.96337866036036,4310.038502820995,0,0,0,1,Pv3,pn,1
14,2009-03-12,00:22:40,00:26:06,3.433333333333333,78,85,116.34765051848228,39.985901182882884,2505.138289108911,0,0,0,1,Pv9,end,2
14,2009-03-14,05:16:23,05:22:15,5.866666666666666,75,81,116.33000825238682,39.967883164864865,2240.187662016129,0,0,0,1,Pv12,pv,1
14,2009-03-14,06:15:56,06:19:35,3.65,77,73,116.34176976311713,39.93184712882883,6336.1018068409785,0,0,1,0,Pv132,pv,2
14,2009-03-14,06:30:44,06:50:29,19.75,80,69,116.3594120292126,39.91382911081081,8748.620154765778,0,0,1,0,Pv133,pv,3
14,2009-03-14,06:56:19,06:59:33,3.2333333333333334,80,73,116.3594120292126,39.93184712882883,6959.646944081693,0,0,1,0,Pv134,pv,4
14,2009-03-14,07:05:45,07:09:27,3.7,74,74,116.32412749702166,39.93635163333333,5532.408861592942,0,0,1,0,Pv135,pn,5
14,2009-03-14,08:24:37,08:28:59,4.366666666666666,83,88,116.37705429530807,39.99941469639639,5230.278585623788,0,0,0,1,Pv11,pn,6
14,2009-03-14,08:56:32,09:03:07,6.583333333333333,108,121,116.52407317943701,40.148063345045045,25137.98392973859,0,0,0,1,Pv54,pn,7
14,2009-03-14,09:03:09,09:07:29,4.333333333333333,109,121,116.52995393480217,40.148063345045045,25489.191919263696,0,0,0,1,Pv55,pn,8
14,2009-03-14,15:10:02,15:48:12,38.166666666666664,110,122,116.53583469016733,40.15256784954955,26196.79138778279,0,0,0,1,Pv30,pn,9
14,2009-03-14,16:28:35,16:36:13,7.633333333333334,110,121,116.53583469016733,40.148063345045045,25845.317492543032,0,0,0,1,Pv26,pn,10
14,2009-03-14,16:36:22,16:40:46,4.4,110,122,116.53583469016733,40.15256784954955,26196.79138778279,0,0,0,1,Pv30,pn,11
14,2009-03-14,16:41:01,16:46:08,5.116666666666666,110,121,116.53583469016733,40.148063345045045,25845.317492543032,0,0,0,1,Pv26,end,12
14,2009-03-16,02:16:26,02:19:37,3.183333333333333,83,83,116.37705429530807,39.97689217387387,5109.76478220026,0,0,0,1,Pv21,pn,1
14,2009-03-16,02:25:37,02:35:33,9.933333333333334,80,80,116.3594120292126,39.96337866036036,4310.038502820995,0,0,0,1,Pv3,pn,2
14,2009-03-16,02:40:23,02:45:29,5.1,78,85,116.34765051848228,39.985901182882884,2505.138289108911,0,0,0,1,Pv9,pn,3
14,2009-03-16,11:18:55,11:34:35,15.666666666666666,80,80,116.3594120292126,39.96337866036036,4310.038502820995,0,0,0,1,Pv3,end,4
14,2009-03-17,05:53:37,06:00:35,6.966666666666667,75,83,116.33000825238682,39.97689217387387,1416.9553785362662,0,0,0,1,Pv2,pn,1
14,2009-03-17,07:55:40,08:03:24,7.733333333333333,75,83,116.33000825238682,39.97689217387387,1416.9553785362662,0,0,0,1,Pv2,pn,2
14,2009-03-17,08:55:11,08:59:43,4.533333333333333,75,82,116.33000825238682,39.97238766936937,1806.1624611478217,0,0,0,1,Pv19,pn,3
14,2009-03-17,13:15:49,13:19:01,3.2,81,88,116.36529278457776,39.99941469639639,4280.253333183864,0,0,0,1,Pv8,end,4
14,2009-03-18,07:56:23,07:59:56,3.55,82,66,116.37117353994292,39.90031559729729,10532.143043288841,0,0,0,1,Pv120,pn,1
14,2009-03-18,08:24:40,08:28:45,4.083333333333333,75,83,116.33000825238682,39.97689217387387,1416.9553785362662,0,0,0,1,Pv2,pn,2
14,2009-03-18,08:30:48,08:51:40,20.866666666666667,72,83,116.31236598629134,39.97689217387387,1120.079056680754,0,0,0,1,Pv13,end,3
14,2009-03-20,10:52:26,10:59:44,7.3,72,100,116.31236598629134,40.05346875045045,7529.841603878789,0,0,1,0,Pv136,pv,1
14,2009-03-20,11:04:31,11:07:56,3.4166666666666665,72,99,116.31236598629134,40.048964245945946,7030.152587083945,0,0,1,0,Pv137,pv,2
14,2009-03-20,11:15:01,11:19:09,4.133333333333334,74,97,116.32412749702166,40.03995523693693,6031.366341421314,0,0,1,0,Pv138,end,3
14,2009-03-31,10:20:16,10:25:31,5.25,75,83,116.33000825238682,39.97689217387387,1416.9553785362662,0,0,0,1,Pv2,pn,1
14,2009-03-31,11:38:40,11:56:41,18.016666666666666,80,80,116.3594120292126,39.96337866036036,4310.038502820995,0,0,0,1,Pv3,pn,2
14,2009-03-31,23:24:47,23:29:15,4.466666666666667,81,81,116.36529278457776,39.967883164864865,4481.5326939928655,0,0,0,1,Pv33,pn,3
14,2009-03-31,23:32:55,23:51:19,18.4,80,80,116.3594120292126,39.96337866036036,4310.038502820995,0,0,0,1,Pv3,end,4
14,2009-04-01,00:00:01,00:03:10,3.15,78,85,116.34765051848228,39.985901182882884,2505.138289108911,0,0,0,1,Pv9,pn,1
14,2009-04-01,06:56:04,06:59:43,3.65,74,86,116.32412749702166,39.99040568738739,708.4426460356394,0,0,0,1,Pv28,pn,2
14,2009-04-01,08:39:26,09:03:32,24.1,73,84,116.3182467416565,39.98139667837838,500.87804794849535,0,0,0,1,Pv1,home,3
14,2009-04-01,09:03:34,09:33:16,29.7,73,85,116.3182467416565,39.985901182882884,0.0,1,0,0,0,HOME,pn,0
14,2009-04-01,10:17:53,10:35:46,17.883333333333333,80,80,116.3594120292126,39.96337866036036,4310.038502820995,0,0,0,1,Pv3,end,4
14,2009-04-03,08:56:27,09:01:12,4.75,75,83,116.33000825238682,39.97689217387387,1416.9553785362662,0,0,0,1,Pv2,pn,1
14,2009-04-03,09:12:14,09:26:37,14.383333333333333,80,80,116.3594120292126,39.96337866036036,4310.038502820995,0,0,0,1,Pv3,pn,2
14,2009-04-03,09:41:03,09:44:36,3.55,69,79,116.29472372019588,39.95887415585585,3612.434855882801,0,0,0,1,Pv122,end,3
14,2009-04-07,03:25:38,03:29:03,3.4166666666666665,68,98,116.2888429648307,40.04445974144144,6976.3068120607995,0,0,0,1,Pv131,home,1
14,2009-04-07,03:46:05,04:06:47,20.7,73,85,116.3182467416565,39.985901182882884,0.0,1,0,0,0,HOME,home,0
14,2009-04-07,05:57:41,06:38:52,41.18333333333333,73,85,116.3182467416565,39.985901182882884,0.0,1,0,0,0,HOME,home,0
14,2009-04-07,10:01:27,10:04:56,3.4833333333333334,73,85,116.3182467416565,39.985901182882884,0.0,1,0,0,0,HOME,pn,0
14,2009-04-07,10:07:35,10:13:07,5.533333333333333,75,83,116.33000825238682,39.97689217387387,1416.9553785362662,0,0,0,1,Pv2,pn,2
14,2009-04-07,10:13:09,10:18:02,4.883333333333334,75,82,116.33000825238682,39.97238766936937,1806.1624611478217,0,0,0,1,Pv19,pn,3
14,2009-04-07,23:37:25,23:40:46,3.35,83,88,116.37705429530807,39.99941469639639,5230.278585623788,0,0,0,1,Pv11,home,4
14,2009-04-07,23:52:04,23:57:04,5.0,73,85,116.3182467416565,39.985901182882884,0.0,1,0,0,0,HOME,end,0
14,2009-04-08,00:00:01,00:03:32,3.5166666666666666,75,83,116.33000825238682,39.97689217387387,1416.9553785362662,0,0,0,1,Pv2,pn,1
14,2009-04-08,06:53:22,07:12:22,19.0,82,66,116.37117353994292,39.90031559729729,10532.143043288841,0,0,0,1,Pv120,pn,2
14,2009-04-08,07:57:24,08:08:52,11.466666666666667,82,66,116.37117353994292,39.90031559729729,10532.143043288841,0,0,0,1,Pv120,pn,3
14,2009-04-08,08:10:08,08:13:17,3.15,80,66,116.3594120292126,39.90031559729729,10143.128760250265,0,0,0,1,Pv123,pn,4
14,2009-04-08,11:24:36,11:38:14,13.633333333333333,80,80,116.3594120292126,39.96337866036036,4310.038502820995,0,0,0,1,Pv3,end,5
14,2009-04-09,04:54:42,04:58:16,3.566666666666667,77,79,116.34176976311713,39.95887415585585,3612.4348558840034,0,0,0,1,Pv24,pn,1
14,2009-04-09,05:49:03,06:01:53,12.833333333333334,73,84,116.3182467416565,39.98139667837838,500.87804794849535,0,0,0,1,Pv1,home,2
14,2009-04-09,10:07:12,10:10:21,3.15,73,85,116.3182467416565,39.985901182882884,0.0,1,0,0,0,HOME,pn,0
14,2009-04-09,10:13:02,10:17:30,4.466666666666667,75,83,116.33000825238682,39.97689217387387,1416.9553785362662,0,0,0,1,Pv2,end,3
14,2009-04-11,08:46:45,08:54:51,8.1,110,122,116.53583469016733,40.15256784954955,26196.79138778279,0,0,0,1,Pv30,pv,1
14,2009-04-11,08:58:06,09:10:33,12.45,112,121,116.54759620089764,40.148063345045045,26571.52776938783,0,0,1,0,Pv139,pn,2
14,2009-04-11,09:11:36,09:16:36,5.0,110,121,116.53583469016733,40.148063345045045,25845.317492543032,0,0,0,1,Pv26,end,3
14,2009-04-13,00:43:54,00:47:50,3.933333333333333,110,122,116.53583469016733,40.15256784954955,26196.79138778279,0,0,0,1,Pv30,pn,1
14,2009-04-13,00:49:52,00:56:39,6.783333333333333,112,121,116.54759620089764,40.148063345045045,26571.52776938783,0,0,0,1,Pv139,pn,2
14,2009-04-13,02:23:14,02:31:15,8.016666666666667,80,80,116.3594120292126,39.96337866036036,4310.038502820995,0,0,0,1,Pv3,pn,3
14,2009-04-13,02:36:49,02:42:26,5.616666666666666,78,85,116.34765051848228,39.985901182882884,2505.138289108911,0,0,0,1,Pv9,pv,4
14,2009-04-13,07:10:56,07:31:54,20.966666666666665,117,98,116.57699997772343,40.04445974144144,22977.66371283896,0,0,1,0,Pv140,pn,5
14,2009-04-13,10:05:10,10:08:16,3.1,74,85,116.32412749702166,39.985901182882884,501.0276600021796,0,0,0,1,Pv10,pn,6
14,2009-04-13,10:09:18,10:13:15,3.95,75,83,116.33000825238682,39.97689217387387,1416.9553785362662,0,0,0,1,Pv2,pn,7
14,2009-04-13,10:22:31,10:33:53,11.366666666666667,80,80,116.3594120292126,39.96337866036036,4310.038502820995,0,0,0,1,Pv3,end,8
14,2009-04-14,06:54:57,07:01:50,6.883333333333334,81,79,116.36529278457776,39.95887415585585,5010.372204685293,0,0,1,0,Pv141,pn,1
14,2009-04-14,07:10:04,07:14:12,4.133333333333334,81,88,116.36529278457776,39.99941469639639,4280.253333183864,0,0,0,1,Pv8,pn,2
14,2009-04-14,07:18:44,07:21:48,3.066666666666667,81,88,116.36529278457776,39.99941469639639,4280.253333183864,0,0,0,1,Pv8,home,3
14,2009-04-14,07:29:22,08:04:29,35.11666666666667,73,85,116.3182467416565,39.985901182882884,0.0,1,0,0,0,HOME,home,0
14,2009-04-14,08:07:11,08:11:45,4.566666666666666,73,85,116.3182467416565,39.985901182882884,0.0,1,0,0,0,HOME,home,0
14,2009-04-14,11:41:46,11:49:56,8.166666666666666,73,85,116.3182467416565,39.985901182882884,0.0,1,0,0,0,HOME,pn,0
14,2009-04-14,11:57:31,12:01:13,3.7,81,88,116.36529278457776,39.99941469639639,4280.253333183864,0,0,0,1,Pv8,end,4
14,2009-04-15,00:37:10,00:40:38,3.466666666666667,75,85,116.33000825238682,39.985901182882884,1002.0553194594767,0,0,0,1,Pv32,home,1
14,2009-04-15,02:04:38,02:08:02,3.4,73,85,116.3182467416565,39.985901182882884,0.0,1,0,0,0,HOME,pn,0
14,2009-04-15,02:08:50,02:13:04,4.233333333333333,74,86,116.32412749702166,39.99040568738739,708.4426460356394,0,0,0,1,Pv28,pn,2
14,2009-04-15,02:17:01,02:30:11,13.166666666666666,75,83,116.33000825238682,39.97689217387387,1416.9553785362662,0,0,0,1,Pv2,pn,3
14,2009-04-15,02:35:09,02:42:11,7.033333333333333,73,83,116.3182467416565,39.97689217387387,1001.756095897698,0,0,0,1,Pv20,home,4
14,2009-04-15,02:43:31,02:47:12,3.683333333333333,73,85,116.3182467416565,39.985901182882884,0.0,1,0,0,0,HOME,pn,0
14,2009-04-15,05:45:14,05:49:02,3.8,78,76,116.34765051848228,39.945360642342344,5157.5794011756225,0,0,0,1,Pv127,pn,5
14,2009-04-15,08:01:27,08:06:33,5.1,82,66,116.37117353994292,39.90031559729729,10532.143043288841,0,0,0,1,Pv120,pn,6
14,2009-04-15,08:06:35,08:09:58,3.3833333333333333,81,66,116.36529278457776,39.90031559729729,10327.303911848243,0,0,0,1,Pv119,pn,7
14,2009-04-15,08:10:00,08:14:57,4.95,80,66,116.3594120292126,39.90031559729729,10143.128760250265,0,0,0,1,Pv123,pn,8
14,2009-04-15,08:33:41,08:36:48,3.1166666666666667,78,85,116.34765051848228,39.985901182882884,2505.138289108911,0,0,0,1,Pv9,pn,9
14,2009-04-15,10:14:29,10:18:10,3.683333333333333,75,83,116.33000825238682,39.97689217387387,1416.9553785362662,0,0,0,1,Pv2,pn,10
14,2009-04-15,10:26:54,10:40:27,13.55,80,80,116.3594120292126,39.96337866036036,4310.038502820995,0,0,0,1,Pv3,end,11
14,2009-04-16,02:54:23,02:58:48,4.416666666666667,73,83,116.3182467416565,39.97689217387387,1001.756095897698,0,0,0,1,Pv20,pn,1
14,2009-04-16,03:00:35,03:03:44,3.15,75,81,116.33000825238682,39.967883164864865,2240.187662016129,0,0,0,1,Pv12,pn,2
14,2009-04-16,03:05:51,03:09:00,3.15,77,80,116.34176976311713,39.96337866036036,3207.764617723308,0,0,0,1,Pv23,pn,3
14,2009-04-16,04:58:13,05:01:36,3.3833333333333333,77,79,116.34176976311713,39.95887415585585,3612.4348558840034,0,0,0,1,Pv24,pn,4
14,2009-04-16,08:46:47,08:52:13,5.433333333333334,72,85,116.31236598629134,39.985901182882884,501.0276600021796,0,0,0,1,Pv34,pn,5
14,2009-04-16,09:06:09,09:37:32,31.383333333333333,65,67,116.27120069873524,39.9048201018018,9867.60516536525,0,0,0,1,Pv89,pn,6
14,2009-04-16,09:37:37,09:45:59,8.366666666666667,64,67,116.26531994337009,39.9048201018018,10081.774726777128,0,0,0,1,Pv90,pn,7
14,2009-04-16,09:47:21,09:53:54,6.55,65,67,116.27120069873524,39.9048201018018,9867.60516536525,0,0,0,1,Pv89,home,8
14,2009-04-16,10:07:13,10:12:57,5.733333333333333,73,85,116.3182467416565,39.985901182882884,0.0,1,0,0,0,HOME,pn,0
14,2009-04-16,10:15:15,10:18:33,3.3,75,83,116.33000825238682,39.97689217387387,1416.9553785362662,0,0,0,1,Pv2,end,9
14,2009-04-17,01:42:33,01:47:10,4.616666666666666,75,83,116.33000825238682,39.97689217387387,1416.9553785362662,0,0,0,1,Pv2,pn,1
14,2009-04-17,01:47:12,01:50:18,3.1,75,82,116.33000825238682,39.97238766936937,1806.1624611478217,0,0,0,1,Pv19,end,2
